ATCCode|ATCName
R05CB06|ambroxol
V09GX01|thallium (201Tl) chloride
D01AE04|undecylenic acid
R06AD02|promethazine
J07AG|Hemophilus influenzae B vaccines
N06BA04|methylphenidate
J01AA07|tetracycline
B05CX|Other irrigating solutions
R03DC01|zafirlukast
A16AA06|betaine
N05AB03|perphenazine
C03BA08|metolazone
R03DB|Xanthines and adrenergics
A01AD01|epinephrine
A12CX|Other mineral products
V04CJ02|protirelin
N01BA01|metabutethamine
B03AE|Iron in other combinations
N05AH01|loxapine
A05AA02|ursodeoxycholic acid
A03FA01|metoclopramide
R03DC03|montelukast
H02AB04|methylprednisolone
J07BA02|encephalitis, Japanese, inactivated, whole virus
M03BC01|orphenadrine (citrate)
G03|SEX HORMONES AND MODULATORS OF THE GENITAL SYSTEM
C02AA02|reserpine
B05XB02|alanyl glutamine
G02AD04|carboprost
R06AE03|cyclizine
G03FA13|norgestimate and estrogen
N02AA|Natural opium alkaloids
N01BA52|procaine, combinations
J01DC06|cefonicid
G04BD09|trospium
G03FB05|norethisterone and estrogen
C09AA09|fosinopril
S01XA02|retinol
A11DA|Vitamin B1, plain
J05AX02|lysozyme
D07CC05|fluocinonide and antibiotics
D06BB10|imiquimod
C01BB01|lidocaine
R03BA01|beclometasone
N01BX03|phenol
N04BA|Dopa and dopa derivatives
B02AA02|tranexamic acid
S01KA02|hypromellose
P02CX01|pyrvinium
A12CC05|magnesium aspartate
B01AD|Enzymes
G03XB01|mifepristone
S01AD03|aciclovir
S01GA05|phenylephrine
B01AB10|tinzaparin
P03AC03|phenothrin
A14AA08|oxandrolone
B01AD02|alteplase
M02AA23|indometacin
N02BA11|diflunisal
J01AA06|oxytetracycline
A02AD04|hydrotalcite
A11DA03|benfotiamine
B02BD08|eptacog alfa (activated)
C02LC01|clonidine and diuretics
B02BB01|fibrinogen, human
D08AH03|oxyquinoline
J05AB06|ganciclovir
N02AX52|Show text from Guidelines
S01EC04|brinzolamide
C10AA03|pravastatin
A02BC03|lansoprazole
B06AA55|streptokinase, combinations
J02AB02|ketoconazole
C05CA01|rutoside
R05DA07|noscapine
A11J|OTHER VITAMIN PRODUCTS, COMBINATIONS
M01AB02|sulindac
M03BB52|chlormezanone, combinations excl. psycholeptics
A04AA|Serotonin (5HT3) antagonists
S01XA05|sodium edetate
N01AX13|nitrous oxide
L01XE01|imatinib
B01AA03|warfarin
B01AC05|ticlopidine
D01AC01|clotrimazole
D06AX01|fusidic acid
A07BB|Bismuth preparations
J01MB04|pipemidic acid
L04AA21|efalizumab
V08AB04|iopamidol
P02BA01|praziquantel
A11AB|Multivitamins, other combinations
M02AA19|flurbiprofen
N02AA02|opium
C01DA08|isosorbide dinitrate
G02B|CONTRACEPTIVES FOR TOPICAL USE
C05AD05|procaine
R06AB|Substituted alkylamines
S01AA24|kanamycin
A11AA01|multivitamins and iron
A02BX05|bismuth subcitrate
N02AB03|fentanyl
D07AB09|triamcinolone
J01XA02|teicoplanin
G03AA|Progestogens and estrogens, fixed combinations
J07AF01|diphtheria toxoid
J07AJ51|pertussis, inactivated, whole cell, combinations with toxoids
D08AK06|thiomersal
J05AF09|emtricitabine
N01BB53|mepivacaine, combinations
D07CC|Corticosteroids, potent, combinations with antibiotics
M03BB|Oxazol, thiazine, and triazine derivatives
V09A|CENTRAL NERVOUS SYSTEM
L03AA03|molgramostim
J06BB01|anti-D (rh) immunoglobulin
V01AA|Allergen extracts
S01AA23|netilmicin
P02CA01|mebendazole
R06AX17|ketotifen
C10AC04|colesevelam
N02BA55|salicylamide, combinations excl. psycholeptics
B05XA02|sodium bicarbonate
N03AB02|phenytoin
S01JA01|fluorescein
C08CA06|nimodipine
N07BC02|methadone
V09AA|Technetium (99mTc) compounds
A11HA05|biotin
B05BA01|amino acids
A03AB05|propantheline
A07DA02|opium
G02CB02|lisuride
H04AA01|glucagon
S01CA|Corticosteroids and antiinfectives in combination
J01CR50|combinations of penicillins
D07CB04|dexamethasone and antibiotics
C10AB02|bezafibrate
G02C|OTHER GYNECOLOGICALS
J01EB06|sulfanilamide
C02AC01|clonidine
D06BB07|lysozyme
N05AB04|prochlorperazine
V09FX03|sodium iodide (131I)
V08CA05|mangafodipir
S02CA04|triamcinolone and antiinfectives
R06AX58|pyrrobutamine, combinations
M05BX03|strontium ranelate
V03|ALL OTHER THERAPEUTIC PRODUCTS
C08DB01|diltiazem
R05CA03|guaifenesin
H03BB02|thiamazole
N02AA59|codeine, combinations excl. psycholeptics
L01XX05|hydroxycarbamide
G03FA01|norethisterone and estrogen
D03AX01|cadexomer iodine
A16AX01|thioctic acid
G04CA04|silodosin
V03AF01|mesna
S01GX05|lodoxamide
J05AG03|efavirenz
A12AA01|calcium phosphate
J01XC01|fusidic acid
D07CC02|fluocinolone acetonide and antibiotics
L04AA08|Show text from Guidelines
V03AB32|glutathione
A11HA02|pyridoxine (vit B6)
C07CB03|atenolol and other diuretics
L03AB09|interferon alfacon-1
G03AC06|medroxyprogesterone
N05BA01|diazepam
J01MA03|pefloxacin
M02AA05|benzydamine
D06BB05|inosine
D08AK04|mercurochrome
S02BA03|prednisolone
C01EB03|indometacin
M01AE01|ibuprofen
V09IB|Indium (111In) compounds
G01AX03|policresulen
V03AC03|deferasirox
N01BB03|mepivacaine
B03AE04|iron, multivitamins and minerals
C02CC02|guanethidine
B06AB|Other hem products
P01AB03|ornidazole
J01FF02|lincomycin
R03BA08|ciclesonide
S01AA12|tobramycin
J01CA02|pivampicillin
G04BD06|propiverine
V04CA01|tolbutamide
D01AE14|ciclopirox
A10BF02|miglitol
D11AX03|calcium gluconate
R05DA04|codeine
C03EA|Low-ceiling diuretics and potassium-sparing agents
C03AA06|trichlormethiazide
D08AG|Iodine products
J07CA|Bacterial and viral vaccines, combined
S03AA01|neomycin
C07AB05|betaxolol
A02AA01|magnesium carbonate
S01CB01|dexamethasone
R03CC03|terbutaline
A02AD|Combinations and complexes of aluminium, calcium and magnesium compounds
M01AG01|mefenamic acid
L02AE02|leuprorelin
R06AB52|dexchlorpheniramine, combinations
L01XE02|gefitinib
D01AC11|oxiconazole
G03AC01|norethisterone
A12AA|Calcium
L02BA02|toremifene
R03CC04|fenoterol
R01AX|Other nasal preparations
A12CC|Magnesium
A09AC|Enzyme and acid preparations, combinations
D01AE22|naftifine
D03AX06|becaplermin
A06AG06|oil
C08CA13|lercanidipine
A12AA07|calcium chloride
G03FB09|levonorgestrel and estrogen
N05AL01|sulpiride
N04BC04|ropinirole
G03AA03|lynestrenol and ethinylestradiol
S02AA11|polymyxin B
C04AX11|bencyclane
M02AA12|naproxen
J01DD13|cefpodoxime
G01AD03|ascorbic acid
V08AA05|ioxitalamic acid
C07AA07|sotalol
M02AA07|piroxicam
A02AX|Antacids, other combinations
R03AA01|epinephrine
A06AD04|magnesium sulfate
L04AA04|antithymocyte immunoglobulin (rabbit)
R06AX02|cyproheptadine
A07EA04|betamethasone
J05AR06|emtricitabine, tenofovir disoproxil and efavirenz
C01DA02|glyceryl trinitrate
A02BX|Other drugs for peptic ulcer and gastro-oesophageal reflux disease (GORD)
A10AD|Insulins and analogues for injection, intermediate- or long-acting combined with fast-acting
J07BD54|measles, combinations with mumps, rubella and varicella, live attenuated
B05BA10|combinations
S01AA18|polymyxin B
M02A|TOPICAL PRODUCTS FOR JOINT AND MUSCULAR PAIN
J01XX09|daptomycin
N01AF01|methohexital
B03BA04|cobamamide
A07BC05|diosmectite
A01AC|Corticosteroids for local oral treatment
L01BB04|cladribine
N04BC02|pergolide
A06AB05|castor oil
D07AC07|fludroxycortide
N01BB08|articaine
A11BA|Multivitamins, plain
N06AX18|reboxetine
S02BA|Corticosteroids
A10BA02|metformin
B05XA09|sodium phosphate
A02BA03|famotidine
S01LA03|pegaptanib
S01BA14|loteprednol
S01XA08|acetylcysteine
J02AC01|fluconazole
V03AB26|methionine
H01CA02|nafarelin
D08AE01|hexachlorophene
J01EC01|sulfamethoxazole
C10AX09|ezetimibe
J05AR01|zidovudine and lamivudine
M05BA01|etidronic acid
C05AD02|tetracaine
B06AA|Enzymes
M01AE04|fenoprofen
N01AH02|alfentanil
S01X|OTHER OPHTHALMOLOGICALS
A02AD03|almagate
L04AX02|thalidomide
R05DB20|combinations
B03BB51|folic acid, combinations
A06AB57|cascara, combinations
A06AB06|senna glycosides
G04CA03|terazosin
B02BX02|carbazochrome
J01DB08|cefapirin
C07AA|Beta blocking agents, non-selective
G04CA02|tamsulosin
N03AG|Fatty acid derivatives
A07|ANTIDIARRHEALS, INTESTINAL ANTIINFLAMMATORY/ANTIINFECTIVE AGENTS
N04BC09|rotigotine
N02BE05|propacetamol
J01CF02|cloxacillin
V06DX|Other combinations of nutrients
J01MA02|ciprofloxacin
N07CA|Antivertigo preparations
D11AX01|minoxidil
C09DA03|valsartan and diuretics
S01C|ANTIINFLAMMATORY AGENTS AND ANTIINFECTIVES IN COMBINATION
J01EA01|trimethoprim
M05BA08|zoledronic acid
A10BA03|buformin
D11AC30|others
G03AC03|levonorgestrel
L01XX32|bortezomib
L01AC01|thiotepa
J05AE10|darunavir
C01CA|Adrenergic and dopaminergic agents
R01AD09|mometasone
N02BG06|nefopam
S01CA01|dexamethasone and antiinfectives
S01GX09|olopatadine
M02AX|Other topical products for joint and muscular pain
V08AB09|iodixanol
N05AH03|olanzapine
J07CA02|diphtheria-pertussis-poliomyelitis-tetanus
B03AD02|ferrous fumarate
A10AE05|insulin detemir
A07CA|Oral rehydration salt formulations
J01DB03|cefalotin
D11AX18|diclofenac
J01CE30|combinations
N03AX11|topiramate
D08A|ANTISEPTICS AND DISINFECTANTS
A03BA01|atropine
D08AX06|potassium permanganate
C08CA08|nitrendipine
N06BX01|meclofenoxate
N02CA52|ergotamine, combinations excl. psycholeptics
N02CA02|ergotamine
R05CB04|eprazinone
P02C|ANTINEMATODAL AGENTS
C04AD02|xantinol nicotinate
C05AA|Corticosteroids
V08BA|Barium sulfate containing X-ray contrast media
J01DC04|cefaclor
J01DD05|cefmenoxime
R06AA06|chlorphenoxamine
N05AH04|quetiapine
A02AA10|combinations
A06AB52|bisacodyl, combinations
J01FF01|clindamycin
A10BD08|metformin and vildagliptin
A02BX13|alginic acid
N05BA22|cloxazolam
J01AA09|rolitetracycline
D03AX|Other cicatrizants
A04AA05|palonosetron
A03AX03|chlorbenzoxamine
J06BA|Immunoglobulins, normal human
C05AA08|fluocortolone
D04|ANTIPRURITICS, INCL. ANTIHISTAMINES, ANESTHETICS, ETC.
D10AF|Antiinfectives for treatment of acne
R03DB01|diprophylline and adrenergics
A04AA01|ondansetron
V09XX|Various diagnostic radiopharmaceuticals
S02AA|Antiinfectives
N04BA02|levodopa and decarboxylase inhibitor
G03BB01|mesterolone
S01EA02|dipivefrine
N06AB05|paroxetine
C01DA14|isosorbide mononitrate
J01CR04|sultamicillin
J01DB04|cefazolin
J07|VACCINES
V04CC02|magnesium sulfate
D07AB02|hydrocortisone butyrate
M03BX04|tolperisone
D06BB04|podophyllotoxin
S01L|OCULAR VASCULAR DISORDER AGENTS
V03AB02|nalorphine
N06AX03|mianserin
C09AA01|captopril
J01CG01|sulbactam
J05AE09|tipranavir
B05CA01|cetylpyridinium
A12CD|Fluoride
J01CG02|tazobactam
D04AA09|chloropyramine
N06AG02|moclobemide
A12CA|Sodium
J06BB09|cytomegalovirus immunoglobulin
B05XA05|magnesium sulfate
A10BB02|chlorpropamide
G03DA04|progesterone
C04AX02|phenoxybenzamine
J01CR03|ticarcillin and enzyme inhibitor
C09CA08|olmesartan medoxomil
J01FA06|roxithromycin
R05CB01|acetylcysteine
D07CA03|prednisolone and antibiotics
R01AC01|cromoglicic acid
A04AD12|aprepitant
C01AA05|digoxin
N06AX06|nefazodone
A02AB|Aluminium compounds
N01BA02|procaine
J04AD02|tiocarlide
P01AB01|metronidazole
G03CB|Synthetic estrogens, plain
A06AX|Other drugs for constipation
R03CA|Alpha- and beta-adrenoreceptor agonists
N06AB08|fluvoxamine
L01BC03|tegafur
N05BA09|clobazam
J04AB04|rifabutin
L01XC03|trastuzumab
C09AA05|ramipril
J07AM51|tetanus toxoid, combinations with diphtheria toxoid
C04AE01|ergoloid mesylates
J01XB02|polymyxin B
M03BA02|carisoprodol
J04AC51|isoniazid, combinations
L01XX02|asparaginase
C05AD|Local anesthetics
S01XA12|dexpanthenol
A09AB04|citric acid
C07AA12|nadolol
S02AA01|chloramphenicol
C03DB02|triamterene
S01GX01|cromoglicic acid
N03AX09|lamotrigine
M03BX02|tizanidine
N01BA05|benzocaine
A11HA07|inositol
J05AX07|enfuvirtide
C01BA03|disopyramide
N05AX11|zotepine
A03AA05|trimebutine
N02AB02|pethidine
D11AF|Wart and anti-corn preparations
A02BA02|ranitidine
N05BA02|chlordiazepoxide
R03AC03|terbutaline
J01MB07|flumequine
J01DH51|imipenem and enzyme inhibitor
R02AD01|benzocaine
A11CC|Vitamin D and analogues
C09CA04|irbesartan
A04AD|Other antiemetics
C07AA16|tertatolol
J01MB06|cinoxacin
J07AL01|pneumococcus, purified polysaccharides antigen
A02BX02|sucralfate
M03BX|Other centrally acting agents
C01CA06|phenylephrine
B03XA|Other antianemic preparations
A07AA05|polymyxin B
G02CB05|metergoline
M01AC02|tenoxicam
N04BC07|apomorphine
P03AX01|benzyl benzoate
A10BH01|sitagliptin
V09DB07|technetium (99mTc) phytate
C09CA01|losartan
J04AB03|rifamycin
N05CM12|apronal
M01AA03|oxyphenbutazone
C05AB|Antibiotics
A10A|INSULINS AND ANALOGUES
J07BB|Influenza vaccines
V03AB33|hydroxocobalamin
A06AD01|magnesium carbonate
R01AC|Antiallergic agents, excl. corticosteroids
S02AA02|nitrofural
N05BC01|meprobamate
V06DC01|glucose
A02BC04|rabeprazole
J07BM|Papillomavirus vaccines
N06AX17|milnacipran
D06AX08|tyrothricin
M01AC05|lornoxicam
B05CX03|glycine
B05BA|Solutions for parenteral nutrition
R05DB|Other cough suppressants
P03BX01|diethyltoluamide
S02BA01|hydrocortisone
S01GA|Sympathomimetics used as decongestants
B03AD03|ferrous sulfate
R06AA09|doxylamine
N06DX|Other anti-dementia drugs
A05AA01|chenodeoxycholic acid
A10AB04|insulin lispro
G01AD|Organic acids
B01AB05|enoxaparin
G01AX06|furazolidone
C07AA05|propranolol
M04AC01|colchicine
A11CC20|combinations
J07BF03|poliomyelitis, trivalent, inactivated, whole virus
C01BD02|bretylium tosilate
A07X|OTHER ANTIDIARRHEALS
L01XE06|dasatinib
D04AA|Antihistamines for topical use
C10AD06|acipimox
D07AC16|hydrocortisone aceponate
A07AA07|amphotericin B
V08AB02|iohexol
D06AX09|mupirocin
A10AE01|insulin (human)
D07XC01|betamethasone
J07AP|Typhoid vaccines
G03AA01|etynodiol and ethinylestradiol
R03CC08|procaterol
V09GX|Other cardiovascular system diagnostic radiopharmaceuticals
C10AD02|nicotinic acid
D06AA03|oxytetracycline
A01AB17|metronidazole
N06DA04|galantamine
B02BD01|coagulation factor IX, II, VII and X in combination
N06AX05|trazodone
S01AX04|nitrofural
R06AX26|fexofenadine
M03BX06|mephenesin
C05AA11|fluocinonide
S01HA01|cocaine
S01BA02|hydrocortisone
J01DE02|cefpirome
L01BC01|cytarabine
M01AX25|chondroitin sulfate
R06AK|Combinations of antihistamines
A02AH|Antacids with sodium bicarbonate
B02BA02|menadione
S01BA06|betamethasone
S01FB01|phenylephrine
B01AX|Other antithrombotic agents
C09BB|ACE inhibitors and calcium channel blockers
B05BB01|electrolytes
R05DB21|cloperastine
A02BB01|misoprostol
P01CC02|nitrofural
L03AA02|filgrastim
N05CF02|zolpidem
D07XC02|desoximetasone
B05XA03|sodium chloride
D07AC17|fluticasone
N05CA10|cyclobarbital
M01AE08|pirprofen
D02AE51|carbamide, combinations
R02AB30|gramicidin
R05DB24|tipepidine
N05AG02|pimozide
D01AE23|butenafine
A01AB04|amphotericin B
R02AA16|benzalkonium
D01AC|Imidazole and triazole derivatives
B02BD09|Show text from Guidelines
S01GX|Other antiallergics
V09XA01|iodine (131I) norcholesterol
R05DA|Opium alkaloids and derivatives
L01BB03|tioguanine
J01DE01|cefepime
D07BA01|prednisolone and antiseptics
P01AA02|clioquinol
D07XB05|dexamethasone
R03BX01|fenspiride
N04BC03|dihydroergocryptine mesylate
N01BB58|articaine, combinations
M03BB02|chlormezanone
L01XX17|topotecan
B03BA51|cyanocobalamin, combinations
D06BX01|metronidazole
D10AF03|chloramphenicol
A03AA04|mebeverine
N05AA01|chlorpromazine
L01DC03|mitomycin
S01AB01|sulfamethizole
S01A|ANTIINFECTIVES
A06AG02|bisacodyl
B05ZB|Hemofiltrates
D10AB02|sulfur
R03DA05|aminophylline
A05AX02|hymecromone
J04AK01|pyrazinamide
V04CE01|galactose
A02AG|Antacids with antispasmodics
A02AD01|ordinary salt combinations
R01BA51|phenylpropanolamine, combinations
L01XA03|oxaliplatin
D07BC04|diflucortolone and antiseptics
J02AB01|miconazole
V08AB05|iopromide
R06AD01|alimemazine
C03BA04|chlortalidone
C02AA52|reserpine, combinations
A11HA01|nicotinamide
D06BB03|aciclovir
A11CC01|ergocalciferol
N02CC01|sumatriptan
S01AA04|oxytetracycline
N06AX01|oxitriptan
J05AB04|ribavirin
H02AB02|dexamethasone
J07AL|Pneumococcal vaccines
C05BA51|heparinoid, combinations
B02BA01|phytomenadione
J01GB06|amikacin
M03AC11|cisatracurium
P03AC52|bioallethrin, combinations
M03AC04|atracurium
C03BA03|clopamide
J01GB11|isepamicin
A07AA02|nystatin
N02CA72|ergotamine, combinations with psycholeptics
R03CC05|hexoprenaline
S01BC03|diclofenac
B01AC06|acetylsalicylic acid
R06AE05|meclozine
V08AB11|iobitridol
R01AD08|fluticasone
J01CE09|procaine benzylpenicillin
J01DB07|cefatrizine
M04AB|Preparations increasing uric acid excretion
D08AD|Boric acid products
H01AC01|somatropin
V03AN02|carbon dioxide
A12AA05|calcium lactate
N05CD02|nitrazepam
C03AA04|chlorothiazide
R03CC|Selective beta-2-adrenoreceptor agonists
D03B|ENZYMES
L01XX33|celecoxib
V07AB|Solvents and diluting agents, incl. irrigating solutions
D07BC01|betamethasone and antiseptics
R01AB05|ephedrine
C01DX02|prenylamine
A16AX02|anethole trithione
A04AD01|scopolamine
J05AF08|adefovir dipivoxil
D07CA|Corticosteroids, weak, combinations with antibiotics
M01AE07|suprofen
N03AG06|tiagabine
N03AB52|phenytoin, combinations
N01BB51|bupivacaine, combinations
C01CE02|milrinone
B05XB03|lysine
N07BA03|varenicline
A10AD05|insulin aspart
C10AC02|colestipol
D04AB04|benzocaine
J01DD04|ceftriaxone
C05CX|Other capillary stabilizing agents
N02BA77|ethenzamide, combinations with psycholeptics
A01AB22|doxycycline
N01BB01|bupivacaine
A10BB03|tolbutamide
N01BX|Other local anesthetics
J04AK02|ethambutol
N04BX02|entacapone
D07AD02|halcinonide
C09AA08|cilazapril
D01BA02|terbinafine
V04CM01|gonadorelin
L01XA01|cisplatin
N07BB04|naltrexone
M01AH05|etoricoxib
B02BC01|absorbable gelatin sponge
V03AF03|calcium folinate
M02AA|Antiinflammatory preparations, non-steroids for topical use
N05AX08|risperidone
A02AB01|aluminium hydroxide
J01FA10|azithromycin
B05CA02|chlorhexidine
G04BE09|vardenafil
N03AE01|clonazepam
A11EB|Vitamin B-complex with vitamin C
N03AX14|levetiracetam
N01AX10|propofol
J01CE08|benzathine benzylpenicillin
D08AE05|chloroxylenol
J01DC10|cefprozil
L01CB01|etoposide
B03AA03|ferrous gluconate
N07AA02|pyridostigmine
N01BB02|lidocaine
G03FB06|medroxyprogesterone and estrogen
S01AX18|povidone-iodine
N05AB|Phenothiazines with piperazine structure
J01DD07|ceftizoxime
N05AC02|thioridazine
V03AB06|thiosulfate
G03XA02|gestrinone
R05CB|Mucolytics
N03AF02|oxcarbazepine
V08AA04|iotalamic acid
A07FA51|lactic acid producing organisms, combinations
G03EK01|methyltestosterone
B01AD01|streptokinase
A03BB03|methylscopolamine
H02AB03|fluocortolone
D07AC05|fluocortolone
A11H|OTHER PLAIN VITAMIN PREPARATIONS
C10AA07|rosuvastatin
N06AB06|sertraline
A07EA02|hydrocortisone
B05BA03|carbohydrates
A02AB02|algeldrate
G01AG02|terconazole
R06AE04|chlorcyclizine
J01MB05|oxolinic acid
V09IA|Technetium (99mTc) compounds
D01AA08|griseofulvin
J07BK02|zoster, live attenuated
G03DC02|norethisterone
N01AB07|desflurane
D07AC04|fluocinolone acetonide
J01FA09|clarithromycin
C01CA24|epinephrine
D01AC07|tioconazole
R05CA02|potassium iodide
C09AA06|quinapril
A06AB20|contact laxatives in combination
A01AB11|various
R07AA02|natural phospholipids
D11AC|Medicated shampoos
R05FB|Other cough suppressants and expectorants
N05AH02|clozapine
C03BA11|indapamide
A02BX06|proglumide
D11AX|Other dermatologicals
J07BF02|poliomyelitis oral, trivalent, live attenuated
R03AC13|formoterol
J01MA06|norfloxacin
C03CC01|etacrynic acid
J02AC04|posaconazole
V09FX02|sodium iodide (123I)
P03AB02|lindane
R05FB02|cough suppressants and expectorants
A07AA10|colistin
R05FA02|opium derivatives and expectorants
C09CA03|valsartan
N01AX01|Show text from Guidelines
A04AA03|tropisetron
L01DB07|mitoxantrone
B02BD03|factor VIII inhibitor bypassing activity
D01BA01|griseofulvin
D04A|ANTIPRURITICS, INCL. ANTIHISTAMINES, ANESTHETICS, ETC.
J01GB09|dibekacin
A01AD|Other agents for local oral treatment
N06AB04|citalopram
S02AA13|miconazole
C05AA01|hydrocortisone
B05XC|Vitamins
N02AF02|nalbuphine
N06AX16|venlafaxine
N02BB02|metamizole sodium
V08AA01|diatrizoic acid
B05AA02|other plasma protein fractions
S01EC01|acetazolamide
D01AE07|chlorphenesin
C09AA07|benazepril
L02BG06|exemestane
N05CD05|triazolam
A14AA03|metandienone
M01AE05|fenbufen
D01AE12|salicylic acid
J04AC01|isoniazid
A03AB12|mepenzolate
S01B|ANTIINFLAMMATORY AGENTS
M01AG03|flufenamic acid
J05AH01|zanamivir
A06AG|Enemas
B03BA|Vitamin B12 (cyanocobalamin and analogues)
A07FA01|lactic acid producing organisms
S01AA14|benzylpenicillin
V03AB25|flumazenil
C01AA08|metildigoxin
R06AE09|levocetirizine
D08AJ01|benzalkonium
L01BA04|pemetrexed
R05DB10|clofedanol
B03A|IRON PREPARATIONS
R06AE01|buclizine
D07XA|Corticosteroids, weak, other combinations
G03DC03|lynestrenol
R02AA19|phenol
N02CA01|dihydroergotamine
R05FA|Opium derivatives and expectorants
P01AX07|trimetrexate
J01XA01|vancomycin
S01AB|Sulfonamides
R03AC|Selective beta-2-adrenoreceptor agonists
S01KA|Viscoelastic substances
L01BC53|tegafur, combinations
J04AM|Combinations of drugs for treatment of tuberculosis
B03XA02|darbepoetin alfa
N02BE03|phenacetin
S01BC08|salicylic acid
N06DA03|rivastigmine
N02BE74|bucetin, combinations with psycholeptics
S01AX09|chlorhexidine
D10AD03|adapalene
B05XA|Electrolyte solutions
J01EC20|combinations
R07AB05|bemegride
V09IX04|fludeoxyglucose (18F)
J04AB01|cycloserine
A06AG04|glycerol
J05AE06|Show text from Guidelines
R03AK04|salbutamol and sodium cromoglicate
C05CA|Bioflavonoids
J01FA|Macrolides
A12BA01|potassium chloride
N01AX03|ketamine
S01EA04|clonidine
C05AX|Other agents for treatment of hemorrhoids and anal fissures for topical use
D04AX|Other antipruritics
J07AG01|hemophilus influenzae B, purified antigen conjugated
C07AB04|acebutolol
L01XD04|aminolevulinic acid
H05BX01|cinacalcet
N04BC05|pramipexole
R06AE07|cetirizine
D08AJ58|benzethonium chloride, combinations
A09AA|Enzyme preparations
S02BA07|betamethasone
V03AF04|calcium levofolinate
N02BB01|phenazone
G02CC02|naproxen
B01AX05|fondaparinux
N05AF02|clopenthixol
D10AA01|fluorometholone
B02BD05|coagulation factor VII
D05BA02|methoxsalen
V09EX|Other respiratory system diagnostic radiopharmaceuticals
C08CA03|isradipine
H05AA02|teriparatide
A02AA05|magnesium silicate
L02BG03|anastrozole
S01ED04|metipranolol
V01AA05|tree pollen
A02BA01|cimetidine
N05BD01|benzoctamine
M01BX|Other antiinflammatory/antirheumatic agents in combination with other drugs
M01AE16|alminoprofen
N05CA01|pentobarbital
S01BC01|indometacin
M01AX|Other antiinflammatory and antirheumatic agents, non-steroids
C07AG01|labetalol
J01MA12|levofloxacin
J01DD06|latamoxef
R05CA06|senega
L02AE01|buserelin
S01GA01|naphazoline
R01AD01|beclometasone
A01AB03|chlorhexidine
B01AA02|phenindione
C08CA05|nifedipine
V06B|PROTEIN SUPPLEMENTS
A12BA02|potassium citrate
D08AX01|hydrogen peroxide
M01CB01|sodium aurothiomalate
M01AH04|parecoxib
G02CX01|atosiban
L01XE03|erlotinib
S01GX06|emedastine
N06DX01|memantine
A07BC01|pectin
V07AC|Blood transfusion, auxiliary products
D11AE|Androgens for topical use
N05BX01|mephenoxalone
J01CA06|bacampicillin
A06AG07|sorbitol
S02CA|Corticosteroids and antiinfectives in combination
J01EB|Short-acting sulfonamides
L02BG04|letrozole
B05XA01|potassium chloride
L01AA02|chlorambucil
L01AX03|temozolomide
A10BB08|gliquidone
B03AE10|various combinations
S01KX01|chymotrypsin
A07BC04|attapulgite
N06BA07|modafinil
J01FA07|josamycin
N05BA08|bromazepam
R03BC01|cromoglicic acid
G03FA10|norgestrel and estrogen
R06AA|Aminoalkyl ethers
N04BA03|levodopa, decarboxylase inhibitor and COMT inhibitor
L01DB02|daunorubicin
C10AB03|aluminium clofibrate
M02AA17|niflumic acid
R06AA07|diphenylpyraline
D08AG02|povidone-iodine
A11CA01|retinol (vit A)
C10AX|Other lipid modifying agents
R06AD52|promethazine, combinations
M04AB03|benzbromarone
S01BA05|triamcinolone
S01FA05|homatropine
J01EB20|combinations
G01AF05|econazole
C09CA06|candesartan
A02AC|Calcium compounds
J01CA51|ampicillin, combinations
S01AA17|erythromycin
J01XD02|tinidazole
N07AA01|neostigmine
J01MA14|moxifloxacin
V10XA01|sodium iodide (131I)
A01AD05|acetylsalicylic acid
A04AD02|cerium oxalate
D10AB|Preparations containing sulfur
L01XE04|sunitinib
N02BA|Salicylic acid and derivatives
H02AA02|fludrocortisone
N02BE71|paracetamol, combinations with psycholeptics
G04BA01|ammonium chloride
D07AB01|clobetasone
B01AB06|nadroparin
J01CA13|ticarcillin
J04AA03|calcium aminosalicylate
J01DH03|ertapenem
G03AA06|norgestrel and ethinylestradiol
N05AL07|levosulpiride
J05AF05|lamivudine
J05AF03|zalcitabine
N02BE01|paracetamol
A03AB19|timepidium bromide
N02BA05|salicylamide
A10BK03|empagliflozin
A10AB01|insulin (human)
J02AX05|micafungin
D07AA02|hydrocortisone
J07BF01|poliomyelitis oral, monovalent, live attenuated
V04CA02|glucose
R06AB01|brompheniramine
C02AB02|methyldopa (racemic)
A06AC08|polycarbophil calcium
M01AB08|etodolac
N05AF05|zuclopenthixol
M02AA25|aceclofenac
D03AX03|dexpanthenol
V04|DIAGNOSTIC AGENTS
R01BA01|phenylpropanolamine
M02AA15|diclofenac
C02DB02|hydralazine
M03BX08|cyclobenzaprine
D08AE|Phenol and derivatives
G02AD|Prostaglandins
G02AD01|dinoprost
S01FA03|methylscopolamine
H03AA02|liothyronine sodium
M03BX03|pridinol
R03CC12|bambuterol
S02AA15|ciprofloxacin
L03AC01|aldesleukin
M04AA03|febuxostat
R06AX22|ebastine
A07AA01|neomycin
A07EC01|sulfasalazine
J07BB02|influenza, inactivated, split virus or surface antigen
A10BB12|glimepiride
J01FA01|erythromycin
R03BA05|fluticasone
C10AB04|gemfibrozil
N01AF|Barbiturates, plain
D01AE13|selenium sulfide
V03AF05|amifostine
A11HA06|pyridoxal phosphate
N06BX03|piracetam
V09FX01|technetium (99mTc) pertechnetate
R02AD02|lidocaine
N05AF03|chlorprothixene
R03CK|Adrenergics and other drugs for obstructive airway diseases
L01DB03|epirubicin
D06AA01|demeclocycline
D01AC05|isoconazole
N02B|OTHER ANALGESICS AND ANTIPYRETICS
N02BE53|phenacetin, combinations excl. psycholeptics
C02KX01|bosentan
D01AA02|natamycin
A16AB04|agalsidase beta
V03AF07|rasburicase
A11AA04|multivitamins and trace elements
D01AC08|ketoconazole
C04AE54|dihydroergocristine, combinations
B01AB01|heparin
R03DA03|proxyphylline
C04AE04|dihydroergocristine
J06BB02|tetanus immunoglobulin
V08CA01|gadopentetic acid
H03AA01|levothyroxine sodium
J01XX08|linezolid
A12AA04|calcium carbonate
J05AB14|valganciclovir
J05AB11|valaciclovir
C05BB05|phenol
S01AA11|gentamicin
D07XB01|flumetasone
R02AA20|various
V08CA03|gadodiamide
J01ED01|sulfadimethoxine
J01CA12|piperacillin
N01AH01|fentanyl
N02AC04|dextropropoxyphene
G01AX12|ciclopirox
N03AX12|gabapentin
S01CB05|fluorometholone
C02KX02|ambrisentan
A10BF01|acarbose
H03CA|Iodine therapy
M01AG02|tolfenamic acid
S02DC|Indifferent preparations
R01AD05|budesonide
B01AC07|dipyridamole
S01ED03|levobunolol
J02AC02|itraconazole
C04AX20|buflomedil
N01AB01|halothane
A03CC|Other antispasmodics in combination with psycholeptics
C01AC01|g-strophanthin
R07AX|Other respiratory system products
J01XX|Other antibacterials
A16AB09|idursulfase
R03DA51|diprophylline, combinations
N05BA17|fludiazepam
D01AC14|sertaconazole
D06AX02|chloramphenicol
A03B|BELLADONNA AND DERIVATIVES, PLAIN
N01BC01|cocaine
G01AF08|tioconazole
D07AC03|desoximetasone
D07AB06|fluorometholone
C10AB09|etofibrate
N04BD02|rasagiline
G04BE07|apomorphine
V06|GENERAL NUTRIENTS
A07XA|Other antidiarrheals
H01CB03|lanreotide
J01DC01|cefoxitin
A10BB31|acetohexamide
D10AE01|benzoyl peroxide
J01XX07|nitroxoline
B03AC06|Show text from Guidelines
R06AX15|mebhydrolin
R03CB02|methoxyphenamine
N01B|ANESTHETICS, LOCAL
R03A|ADRENERGICS, INHALANTS
V08BA02|barium sulfate without suspending agents
D08AC02|chlorhexidine
R02AA06|cetylpyridinium
V03AN01|oxygen
J01DH02|meropenem
A07BC02|kaolin
A03AB14|pipenzolate
B01AD12|protein C
R03CB|Non-selective beta-adrenoreceptor agonists
A03AA30|piperidolate
S01HA03|tetracaine
N04AA01|trihexyphenidyl
A10AE04|insulin glargine
B02BA|Vitamin K
A01AC01|triamcinolone
G04BD08|solifenacin
C09CA02|eprosartan
V09EX03|xenon (133Xe) gas
B03AB02|saccharated iron oxide
D01AC20|imidazoles/triazoles in combination with corticosteroids
N07AX01|pilocarpine
S01BA13|rimexolone
S01XA06|ethylmorphine
R03AB02|isoprenaline
D01AC03|econazole
D05AX05|tazarotene
V08AB|Watersoluble, nephrotropic, low osmolar X-ray contrast media
M01AB01|indometacin
J01XX04|spectinomycin
B03AB|Iron trivalent, oral preparations
P03BX|Other insecticides and repellents
L03AX13|glatiramer acetate
M03AC10|mivacurium chloride
C01CA01|etilefrine
L03AX03|BCG vaccine
B05CB|Salt solutions
L01AD01|carmustine
M05BA02|clodronic acid
R05DB16|dibunate
C09CA07|telmisartan
V07AD|Blood tests, auxiliary products
S01XA03|sodium chloride, hypertonic
M01AE11|tiaprofenic acid
C01EA01|alprostadil
N01BB09|ropivacaine
R03AK06|salmeterol and fluticasone
M02AC|Preparations with salicylic acid derivatives
J01CG|Beta-lactamase inhibitors
S01AX03|zinc compounds
J01GB03|gentamicin
L01DB06|idarubicin
G02CA01|ritodrine
R05DA09|dextromethorphan
A06AD02|magnesium oxide
C05AD07|pramocaine
J05AE02|indinavir
V09CA|Technetium (99mTc) compounds
N06AA14|melitracen
D01A|ANTIFUNGALS FOR TOPICAL USE
D07XA01|hydrocortisone
A04AD04|chlorobutanol
L01BC06|capecitabine
J01DD08|cefixime
L02BA01|tamoxifen
N04BA01|levodopa
G01AA|Antibiotics
J01EE02|sulfadiazine and trimethoprim
M01AE03|ketoprofen
N02CC03|zolmitriptan
C07AA06|timolol
H02AB08|triamcinolone
L01CA03|vindesine
V04CF01|tuberculin
J05AE|Protease inhibitors
V08BA01|barium sulfate with suspending agents
J07AJ02|pertussis, purified antigen
N05CD01|flurazepam
J01CE01|benzylpenicillin
B03AA07|ferrous sulfate
V01AA09|textiles
S01CA02|prednisolone and antiinfectives
N05CD03|flunitrazepam
B03AC02|Show text from Guidelines
L01XC07|bevacizumab
L01AA03|melphalan
J05AF04|stavudine
A01AD11|various
J06AA03|snake venom antiserum
A16AA03|glutamine
C01BA01|quinidine
N06AA09|amitriptyline
R05DB13|butamirate
D08AX|Other antiseptics and disinfectants
J01CA09|azlocillin
A07EB01|cromoglicic acid
S01AA30|combinations of different antibiotics
C01EB10|adenosine
L01BB06|clofarabine
A11HA03|tocopherol (vit E)
C09BA02|enalapril and diuretics
L01BB02|mercaptopurine
A12AX|Calcium, combinations with vitamin D and/or other drugs
R03AC12|salmeterol
N05BE01|buspirone
A03FA04|bromopride
A03AB21|fenpiverinium
J01MA09|sparfloxacin
R01AB06|xylometazoline
D04AA10|promethazine
B01AB|Heparin group
A16AX05|zinc acetate
D07AA01|methylprednisolone
N05AN01|lithium
B01AD04|urokinase
B05D|PERITONEAL DIALYTICS
B05AA07|hydroxyethylstarch
V03AB03|edetates
B05XB01|arginine hydrochloride
J01AA03|chlortetracycline
G01AX05|nifuratel
S01CB03|hydrocortisone
C10AD01|niceritrol
L02AA04|fosfestrol
G03FA02|hydroxyprogesterone and estrogen
N02AE01|buprenorphine
A07AC01|miconazole
A11EA|Vitamin B-complex, plain
J07BC20|combinations
A11CC04|calcitriol
N06CA01|amitriptyline and psycholeptics
G03AC|Progestogens
C03AA|Thiazides, plain
J01CR05|piperacillin and enzyme inhibitor
J07BC02|hepatitis A, inactivated, whole virus
C05BB04|sodium tetradecyl sulfate
J01R|COMBINATIONS OF ANTIBACTERIALS
A07AX|Other intestinal antiinfectives
L01AA01|cyclophosphamide
S01AA01|chloramphenicol
D08AJ03|cetylpyridinium
N01BB04|prilocaine
H01BB03|carbetocin
A11CC05|colecalciferol
R02AB01|neomycin
J07CA06|diphtheria-hemophilus influenzae B-pertussis-poliomyelitis-tetanus
V09BA03|technetium (99mTc) pyrophosphate
J01D|OTHER BETA-LACTAM ANTIBACTERIALS
A16AB05|laronidase
J07BM02|papillomavirus (human types 16, 18)
G03XA01|danazol
C03BA05|mefruside
C02AB01|methyldopa (levorotatory)
B05XA06|potassium phosphate, incl. combinations with other potassium salts
D01AC10|bifonazole
D07BA04|hydrocortisone and antiseptics
J04AA|Aminosalicylic acid and derivatives
H01CC02|cetrorelix
A06AB04|phenolphthalein
G03CC|Estrogens, combinations with other drugs
D05BA01|trioxysalen
M03AC01|pancuronium
N05BA03|medazepam
A11DA01|thiamine (vit B1)
R06AX13|loratadine
D09AA|Medicated dressings with antiinfectives
A16AB03|agalsidase alfa
C09XA02|aliskiren
P02BX|Other antitrematodal agents
N05AE04|ziprasidone
A06AC01|ispaghula (psylla seeds)
V06DC|Carbohydrates
J01DB01|cefalexin
M01AE12|oxaprozin
C02LG51|dihydralazine and diuretics, combinations with other drugs
J01RA02|sulfonamides, combinations with other antibacterials (excl. trimethoprim)
D07AC08|fluocinonide
S01EB02|carbachol
S02CA06|dexamethasone and antiinfectives
A02AD02|magaldrate
V01AA11|animals
G03GB02|clomifene
R05CB02|bromhexine
J01BA02|thiamphenicol
A08AA10|sibutramine
A10AB05|insulin aspart
G03GA03|serum gonadotrophin
V03AE03|lanthanum carbonate
C02CA04|doxazosin
N06AA10|nortriptyline
D10AD54|isotretinoin, combinations
C04AD03|pentoxifylline
R03DB05|aminophylline and adrenergics
R06AX09|azatadine
J01DC07|cefotiam
V09G|CARDIOVASCULAR SYSTEM
B03BA01|cyanocobalamin
A03BA|Belladonna alkaloids, tertiary amines
N03AA|Barbiturates and derivatives
H01BA04|terlipressin
M05BA04|alendronic acid
D07AC01|betamethasone
B03BA53|hydroxocobalamin, combinations
R01AD06|betamethasone
S01AA13|fusidic acid
A03|DRUGS FOR FUNCTIONAL GASTROINTESTINAL DISORDERS
A09A|DIGESTIVES, INCL. ENZYMES
C09DA|Angiotensin II antagonists and diuretics
J01MA01|ofloxacin
N05AB02|fluphenazine
D05AA|Tars
C01BD|Antiarrhythmics, class III
S02AA07|neomycin
A11HA|Other plain vitamin preparations
M01AA01|phenylbutazone
N05AA05|triflupromazine
R05DA05|opium alkaloids with morphine
C04AC01|nicotinic acid
S01F|MYDRIATICS AND CYCLOPLEGICS
G02CC03|benzydamine
N02BA01|acetylsalicylic acid
G01AF01|metronidazole
C10AA01|simvastatin
V07|ALL OTHER NON-THERAPEUTIC PRODUCTS
C04AA01|isoxsuprine
N06CA02|melitracen and psycholeptics
C10BA02|simvastatin and ezetimibe
J06BA02|immunoglobulins, normal human, for intravascular adm.
V09FX|Various thyroid diagnostic radiopharmaceuticals
G04BC|Urinary concrement solvents
G03AB06|gestodene and ethinylestradiol
J04BA02|dapsone
A11GB01|ascorbic acid (vit C) and calcium
C02AB|Methyldopa
B03BB01|folic acid
D08AE04|triclosan
L01BB05|fludarabine
V08AD01|ethyl esters of iodised fatty acids
D05AX52|calcipotriol, combinations
R02AA02|dequalinium
A10BB09|gliclazide
M03AC03|vecuronium
C03DA01|spironolactone
G03FA12|medroxyprogesterone and estrogen
C07AG02|carvedilol
B02BD04|coagulation factor IX
S01AA20|antibiotics in combination with other drugs
C07AB07|bisoprolol
G02CB03|cabergoline
R03DX07|roflumilast
B01AC16|eptifibatide
M03BA03|methocarbamol
S02DA01|lidocaine
A06AG20|combinations
D08AJ02|cetrimonium
D08AJ|Quaternary ammonium compounds
A07BC|Other intestinal adsorbents
R03DA|Xanthines
P01CX01|pentamidine isethionate
V06DE|Amino acids/carbohydrates/minerals/vitamins, combinations
A16AX06|miglustat
A09AA04|tilactase
G03HB01|cyproterone and estrogen
N05CD04|estazolam
A01AB18|clotrimazole
D11AX10|finasteride
G02AB02|ergot alkaloids
G03CA07|estrone
B06A|OTHER HEMATOLOGICAL AGENTS
R01AB|Sympathomimetics, combinations excl. corticosteroids
S01GA02|tetryzoline
M05BA03|pamidronic acid
N01AB04|enflurane
G03CA03|estradiol
C04AF01|kallidinogenase
H02AB05|paramethasone
C05AA05|betamethasone
J01ED20|combinations
C09AA04|perindopril
S01EA05|brimonidine
G01AF15|butoconazole
A05C|DRUGS FOR BILE THERAPY AND LIPOTROPICS IN COMBINATION
C01EA|Prostaglandins
C04AC03|inositol nicotinate
A07EA03|prednisone
A11GB|Ascorbic acid (vitamin C), combinations
C01AX|Other cardiac glycosides
R03DA01|diprophylline
C10AB06|simfibrate
V06D|OTHER NUTRIENTS
R05CB03|carbocisteine
V01AA03|house dust mites
C04AE02|nicergoline
V07AY|Other non-therapeutic auxiliary products
V01AA08|food
G01AX02|inosine
J01CR02|amoxicillin and enzyme inhibitor
J07BC01|hepatitis B, purified antigen
N05CA06|secobarbital
V08AB06|iotrolan
R01AA02|cyclopentamine
J02AX|Other antimycotics for systemic use
D05AC01|dithranol
L02AA|Estrogens
A12CB|Zinc
J01CA08|pivmecillinam
J01ED03|sulfametomidine
C05AA04|prednisolone
J02AC|Triazole derivatives
P02CE01|levamisole
A10AD01|insulin (human)
C07AA03|pindolol
D02AC|Soft paraffin and fat products
C01EB17|ivabradine
D02BB01|betacarotene
S03AA06|gentamicin
L02AB01|megestrol
A08AA|Centrally acting antiobesity products
N06AA21|maprotiline
J01MA04|enoxacin
R03DX|Other systemic drugs for obstructive airway diseases
D03|PREPARATIONS FOR TREATMENT OF WOUNDS AND ULCERS
D07AB03|flumetasone
G01AB|Arsenic compounds
A03AA01|oxyphencyclimine
M01AB05|diclofenac
A16AA|Amino acids and derivatives
R01BA52|pseudoephedrine, combinations
C01CA30|combinations
C05AD01|lidocaine
S01AA02|chlortetracycline
C02CA01|prazosin
D08AC52|chlorhexidine, combinations
N06DA01|tacrine
C05AA06|fluorometholone
G02AD02|dinoprostone
B05CA04|sulfamethizole
G01AF06|ornidazole
D07AA|Corticosteroids, weak (group I)
B02BD02|coagulation factor VIII
M01AB06|alclofenac
B06AA07|trypsin
J07BD01|measles, live attenuated
A12BA51|potassium chloride, combinations
A07AA09|vancomycin
N01BB52|lidocaine, combinations
G03HA01|cyproterone
H02AB|Glucocorticoids
R03CB53|orciprenaline, combinations
D07BC02|fluocinolone acetonide and antiseptics
A11CA|Vitamin A, plain
A16AA01|levocarnitine
R01BA53|phenylephrine, combinations
B05CA08|ethacridine lactate
M03AC09|rocuronium bromide
N02BA57|ethenzamide, combinations excl. psycholeptics
D03AX09|crilanomer
D01AE18|tolnaftate
B05XA11|magnesium chloride
J01DD14|ceftibuten
G04CB01|finasteride
M04AA01|allopurinol
A09AB01|glutamic acid hydrochloride
J01DD01|cefotaxime
A01AB21|chlortetracycline
N02AA05|oxycodone
J01AA04|lymecycline
J01CA18|hetacillin
A12CC10|magnesium oxide
M01AB15|ketorolac
G02CA03|fenoterol
C01EB09|ubidecarenone
L01XX11|estramustine
J01EE01|sulfamethoxazole and trimethoprim
J04AM03|ethambutol and isoniazid
J01ED05|sulfamethoxypyridazine
B06AA04|chymotrypsin
V03AB23|acetylcysteine
N05CM18|dexmedetomidine
A02AB03|aluminium phosphate
N02AC54|dextropropoxyphene, combinations excl. psycholeptics
L04AX01|azathioprine
N07BC51|buprenorphine, combinations
B03AB04|ferric hydroxide
S01BA09|clobetasone
A07BA|Charcoal preparations
A07EC02|mesalazine
G01AD01|lactic acid
R01AD07|tixocortol
D04AB06|tetracaine
N05AB06|trifluoperazine
A07XA51|albumin tannate, combinations
R03AB03|orciprenaline
L03AB04|interferon alfa-2a
J05AE08|atazanavir
S01GX10|epinastine
N01AH03|sufentanil
P01BC01|quinine
N03AG04|vigabatrin
D10AD02|retinol
R06AX04|phenindamine
D11AC06|povidone-iodine
N02BE54|bucetin, combinations excl. psycholeptics
B03AA|Iron bivalent, oral preparations
C07AB03|atenolol
G04BD04|oxybutynin
B02BD07|coagulation factor XIII
D06BB06|penciclovir
C08CA01|amlodipine
G03EB|Androgen, progestogen and estrogen in combination
L01XE05|sorafenib
G03AA13|norelgestromin and ethinylestradiol
C09DA07|telmisartan and diuretics
A03CA34|propantheline and psycholeptics
B03AB01|ferric sodium citrate
R05X|OTHER COLD PREPARATIONS
A01AB|Antiinfectives and antiseptics for local oral treatment
A12BA|Potassium
D11AX13|monobenzone
J01CA03|carbenicillin
C09BB05|ramipril and felodipine
B01AB04|dalteparin
L01AB01|busulfan
V04CC01|sorbitol
A03C|ANTISPASMODICS IN COMBINATION WITH PSYCHOLEPTICS
A11DB|Vitamin B1 in combination with vitamin B6 and/or vitamin B12
S01BC04|flurbiprofen
A03ED|Antispasmodics in combination with other drugs
A07FA|Antidiarrheal microorganisms
L01XA02|carboplatin
N01BB20|combinations
A01AC03|hydrocortisone
A10BX01|guar gum
S01HA05|procaine
J07BE01|mumps, live attenuated
D11AX57|collagen, combinations
N06AX21|duloxetine
C10AB05|fenofibrate
V09AA01|technetium (99mTc) exametazime
C01BA02|procainamide
J07AJ|Pertussis vaccines
A09AB02|betaine hydrochloride
J01DC05|cefotetan
N04AC01|benzatropine
D07AC10|diflorasone
D01AC15|fluconazole
R05CA10|combinations
A05BA04|citiolone
S01BC06|piroxicam
S01GA52|tetryzoline, combinations
G03CA01|ethinylestradiol
B05AA06|gelatin agents
B05AA01|albumin
D04AA34|chlorphenoxamine
G03BA03|testosterone
A12AA08|calcium glycerylphosphate
N01BB10|levobupivacaine
N07AA51|neostigmine, combinations
L02AA03|ethinylestradiol
C09DA04|irbesartan and diuretics
G03AC09|desogestrel
J01DE|Fourth-generation cephalosporins
B01AC13|abciximab
N05BB01|hydroxyzine
G04BE03|sildenafil
D01AC09|sulconazole
N05CF03|zaleplon
G01AA07|oxytetracycline
N02BA06|salsalate
D07AC13|mometasone
S01ED54|metipranolol, combinations
A10BB05|tolazamide
G03AC08|etonogestrel
A02BC02|pantoprazole
D06AA04|tetracycline
C02LA51|reserpine and diuretics, combinations with other drugs
S03AA08|chloramphenicol
R03AC02|salbutamol
A10BH05|linagliptin
N05AD08|droperidol
V06DC02|fructose
D08AH30|clioquinol
V03AB17|methylthioninium chloride
D03AX04|calcium pantothenate
A14AA|Androstan derivatives
A02BX07|gefarnate
G03DC06|etynodiol
A02AB04|dihydroxialumini sodium carbonate
S01AX|Other antiinfectives
A03AX04|pinaverium
A02AF02|ordinary salt combinations and antiflatulents
A02AA04|magnesium hydroxide
R07AB02|nikethamide
L01XD01|porfimer sodium
L01XX|Other antineoplastic agents
R02A|THROAT PREPARATIONS
A03BB|Belladonna alkaloids, semisynthetic, quaternary ammonium compounds
C04AX10|moxisylyte
S01AX12|Show text from Guidelines
C03AA05|polythiazide
A03BA03|hyoscyamine
R01AA14|epinephrine
D10AE51|benzoyl peroxide, combinations
B03AE01|iron, vitamin B12 and folic acid
A02AA02|magnesium oxide
D03A|CICATRIZANTS
G01AA05|chloramphenicol
A05AX03|cyclobutyrol
S03AA03|polymyxin B
J01DC09|cefmetazole
D10AA03|dexamethasone
J01ED07|sulfamerazine
N05CD|Benzodiazepine derivatives
G03D|PROGESTOGENS
J01GA01|streptomycin
R05DA20|combinations
M01AX05|glucosamine
C08CA07|nisoldipine
N02BA07|ethenzamide
S01HA02|oxybuprocaine
J05AF06|abacavir
V03AB04|pralidoxime
C01CA02|isoprenaline
M01AB55|diclofenac, combinations
A10AB06|insulin glulisine
N05CA21|allobarbital
S01ED51|timolol, combinations
V09HX01|gallium (67Ga) citrate
A10BB01|glibenclamide
R03BB04|tiotropium bromide
R03AK07|formoterol and budesonide
S01AA09|tetracycline
C05AA09|dexamethasone
R06AA57|diphenylpyraline, combinations
G01AA10|clindamycin
G03GA04|urofollitropin
C09DB01|valsartan and amlodipine
D11AC03|selenium compounds
A12AA03|calcium gluconate
N06BC01|caffeine
C01DA58|isosorbide dinitrate, combinations
M01AB11|acemetacin
A10BD04|glimepiride and rosiglitazone
A05|BILE AND LIVER THERAPY
A10AC01|insulin (human)
D07XB02|triamcinolone
C01CA17|midodrine
L02AA01|diethylstilbestrol
G02CC01|ibuprofen
R06AX25|mizolastine
C03DB01|amiloride
V10XX01|sodium phosphate (32P)
N07AB02|bethanechol
J01CA01|ampicillin
A02AC01|calcium carbonate
R03AC09|tretoquinol
J01DC03|cefamandole
C10AB01|clofibrate
S01BC|Antiinflammatory agents, non-steroids
R05F|COUGH SUPPRESSANTS AND EXPECTORANTS, COMBINATIONS
A03AC|Synthetic antispasmodics, amides with tertiary amines
A04AD51|scopolamine, combinations
J05AR02|lamivudine and abacavir
C10AA08|pitavastatin
C02DC01|minoxidil
N06AA02|imipramine
B01AC09|epoprostenol
G04BA03|calcium chloride
A12CC03|magnesium gluconate
J01GB05|neomycin
R01BA03|phenylephrine
D01AC12|fenticonazole
L01BC05|gemcitabine
L04AA24|abatacept
A05BA|Liver therapy
B02BX|Other systemic hemostatics
A01AB23|minocycline
D07XB|Corticosteroids, moderately potent, other combinations
J01MA15|gemifloxacin
A10BH03|saxagliptin
C03CA04|torasemide
N02BB04|propyphenazone
N02BB|Pyrazolones
A10BG02|rosiglitazone
R03AK03|Show text from Guidelines
D06AX|Other antibiotics for topical use
J01FA15|telithromycin
B02BC09|epinephrine
L01AA06|ifosfamide
R05CA04|ipecacuanha
A16A|OTHER ALIMENTARY TRACT AND METABOLISM PRODUCTS
G01AF12|fenticonazole
R05DA01|ethylmorphine
G03DB02|megestrol
D11AC01|cetrimide
L01CB02|teniposide
G02AB01|methylergometrine
B05CB03|magnesium citrate
R02AA05|chlorhexidine
R05CA08|creosote
R06AX27|desloratadine
N06AX|Other antidepressants
A05AA|Bile acid preparations
M02AA09|bufexamac
N05AD01|haloperidol
N04BD01|selegiline
A06AD15|macrogol
N05AX12|aripiprazole
P01AB06|nimorazole
A11AA03|multivitamins and other minerals, incl. combinations
S01ED05|carteolol
R01AX06|mupirocin
L04AA10|sirolimus
B05CA09|neomycin
R05FA01|opium derivatives and mucolytics
M01AH01|celecoxib
R01AD|Corticosteroids
D07BB03|triamcinolone and antiseptics
P03AC02|bioallethrin
J07BG01|rabies, inactivated, whole virus
G03AA10|gestodene and ethinylestradiol
A11CB|Vitamin A and D in combination
A02AD05|almasilate
L03AB07|interferon beta-1a
H01AC03|mecasermin
A10AB03|insulin (pork)
V03AB21|potassium iodide
C05AX05|tribenoside
S01AB04|sulfacetamide
B05XB|Amino acids
J05AF10|entecavir
A01AA01|sodium fluoride
A16AX|Various alimentary tract and metabolism products
L04AA09|Show text from Guidelines
D01AE|Other antifungals for topical use
S01XA|Other ophthalmologicals
R03CA02|ephedrine
D07AC06|diflucortolone
J05AH02|oseltamivir
S01LA04|ranibizumab
C09AA16|imidapril
A06AB02|bisacodyl
R06AB54|chlorphenamine, combinations
N04BC01|bromocriptine
N02CC02|naratriptan
D04AB01|lidocaine
D01AE16|amorolfine
D08AX53|propanol, combinations
A06AB56|senna glycosides, combinations
A03AD|Papaverine and derivatives
C04AC|Nicotinic acid and derivatives
C05AD04|cinchocaine
J07AM01|tetanus toxoid
N05CA02|amobarbital
A07DA03|loperamide
H01CB01|somatostatin
A03AB02|glycopyrronium bromide
N02BG|Other analgesics and antipyretics
J04AM02|rifampicin and isoniazid
C07AA02|oxprenolol
S01AD01|idoxuridine
R02AD03|cocaine
D06AA02|chlortetracycline
A11A|MULTIVITAMINS, COMBINATIONS
S01HA07|lidocaine
B03AB05|ferric oxide polymaltose complexes
D06BA|Sulfonamides
B05BB|Solutions affecting the electrolyte balance
G04BE08|tadalafil
J04AD01|protionamide
V04CE|Tests for liver functional capacity
S02AA03|boric acid
A12CC09|magnesium orotate
G01AF07|isoconazole
G01AA03|amphotericin B
J07BB01|influenza, inactivated, whole virus
A06AB07|cascara
S01AX13|Show text from Guidelines
G03DA|Pregnen (4) derivatives
G02CB01|bromocriptine
N06AX11|mirtazapine
A03CB02|belladonna total alkaloids and psycholeptics
G03AA09|desogestrel and ethinylestradiol
M01AX01|nabumetone
V10AA|Yttrium (90Y) compounds
M02AA06|etofenamate
M09AB|Enzymes
D06BB02|tromantadine
A06AC|Bulk-forming laxatives
L01DB01|doxorubicin
N05CM11|bromides
N02BE51|paracetamol, combinations excl. psycholeptics
A02BC01|omeprazole
C02LG02|hydralazine and diuretics
R01AA09|tramazoline
G03DA02|medroxyprogesterone
A07BA01|medicinal charcoal
G04BD|Drugs for urinary frequency and incontinence
M03AA01|alcuronium
R03CC07|pirbuterol
J02AC03|voriconazole
R03AC04|fenoterol
G03FA04|progesterone and estrogen
A06A|DRUGS FOR CONSTIPATION
D01AE02|methylrosaniline
J01GB04|kanamycin
D07AC15|beclometasone
R03AC16|procaterol
A02AB10|combinations
A14AA02|stanozolol
S01FB02|ephedrine
B01AC11|iloprost
A03CB31|hyoscyamine and psycholeptics
A03AX|Other drugs for functional gastrointestinal disorders
J01DF01|aztreonam
J01DD62|cefoperazone, combinations
J01ED|Long-acting sulfonamides
A06AB|Contact laxatives
V09CX02|sodium iodohippurate (131I)
B05CB10|combinations
H05BA01|calcitonin (salmon synthetic)
J01XB01|colistin
N01BA|Esters of aminobenzoic acid
C10AA05|atorvastatin
A06AD13|sodium sulfate
V09CA01|technetium (99mTc) pentetic acid
N01BB06|cinchocaine
A11JC|Vitamins, other combinations
A10BH04|alogliptin
N02BB74|propyphenazone, combinations with psycholeptics
R06AD07|mequitazine
D07AA03|prednisolone
A01AB12|hexetidine
R06AE|Piperazine derivatives
M05BB03|alendronic acid and colecalciferol
N05CD06|lormetazepam
B03BA03|hydroxocobalamin
D01AA01|nystatin
A03AA03|camylofin
L01XX19|irinotecan
A03AA07|dicycloverine
B05CA03|nitrofural
L01DC01|bleomycin
M01AB03|tolmetin
D07CB01|triamcinolone and antibiotics
M01AE02|naproxen
L01DA01|dactinomycin
H01BA02|desmopressin
A10BD|Combinations of oral blood glucose lowering drugs
C03DA04|eplerenone
R03BA04|betamethasone
A06AC03|sterculia
B01AC30|combinations
B05BA02|fat emulsions
S02DA|Analgesics and anesthetics
N02BA03|choline salicylate
C05AA10|fluocinolone acetonide
D11AX12|pyrithione zinc
S01BA03|cortisone
N01AB06|isoflurane
C05AX04|zinc preparations
B05DA|Isotonic solutions
D10AF02|erythromycin
C03CA01|furosemide
C09DA01|losartan and diuretics
M01AX07|benzydamine
A06AB08|sodium picosulfate
A10BH02|vildagliptin
C03AA01|bendroflumethiazide
L04AA02|muromonab-CD3
L01CA01|vinblastine
S01XA15|ascorbic acid
J01RA01|penicillins, combinations with other antibacterials
H01CC01|ganirelix
M05BA06|ibandronic acid
A06AD10|mineral salts in combination
D05AX03|calcitriol
G03DC01|allylestrenol
A10BX04|Show text from Guidelines
A01AA04|stannous fluoride
R06AX11|astemizole
R03DA54|theophylline, combinations excl. psycholeptics
J01XD01|metronidazole
G04CA01|alfuzosin
G01AF02|clotrimazole
J01CF04|oxacillin
C02LA01|reserpine and diuretics
V03AE01|polystyrene sulfonate
D08AC|Biguanides and amidines
D08AE03|phenol
C10AC|Bile acid sequestrants
J01CA16|sulbenicillin
S01GX08|ketotifen
N05CA19|thiopental
B05BC|Solutions producing osmotic diuresis
L04AX04|lenalidomide
N05CM03|bromisoval
J01CE10|benzathine phenoxymethylpenicillin
V04CL|Tests for allergic diseases
V04CJ01|thyrotropin
R05DB07|oxolamine
V08DA01|microspheres of human albumin
D07CC01|betamethasone and antibiotics
B05ZA|Hemodialytics, concentrates
A12CC01|magnesium chloride
V08|CONTRAST MEDIA
J01XX05|methenamine
A10AD04|insulin lispro
D01AC02|miconazole
J01DH|Carbapenems
N05CX01|meprobamate, combinations
S02AA30|antiinfectives, combinations
R01AX03|ipratropium bromide
J01XD03|ornidazole
S01BC05|ketorolac
J01DC02|cefuroxime
N01AF03|thiopental
J01DB05|cefadroxil
A12CB02|zinc gluconate
J07AL02|pneumococcus, purified polysaccharides antigen conjugated
A12CE|Selenium
J06BB04|hepatitis B immunoglobulin
M03BX01|baclofen
D03AA|Cod-liver oil ointments
S01EX|Other antiglaucoma preparations
N06AA04|clomipramine
V03AX|Other therapeutic products
A02BX01|carbenoxolone
R01AC03|azelastine
S02AA09|chlorhexidine
M01AC06|meloxicam
A02AF|Antacids with antiflatulents
C01AA04|digitoxin
C04AX|Other peripheral vasodilators
R03BA06|triamcinolone
S02CA03|hydrocortisone and antiinfectives
N06AX22|agomelatine
R03DB04|theophylline and adrenergics
V04CD03|sermorelin
C02DD01|nitroprusside
S01FA01|atropine
J01EB03|sulfadimidine
J05AB09|famciclovir
S01GA55|phenylephrine, combinations
J07BF|Poliomyelitis vaccines
R05CB10|combinations
J02AX04|caspofungin
P02CX|Other antinematodals
D03BA|Proteolytic enzymes
M04AB01|probenecid
A07XA01|albumin tannate
N04AB02|orphenadrine (chloride)
B03AC01|Show text from Guidelines
B05C|IRRIGATING SOLUTIONS
C04AE|Ergot alkaloids
G03FB01|norgestrel and estrogen
G01AX11|povidone-iodine
R02AA|Antiseptics
V03AB14|protamine
C10AA04|fluvastatin
C03BA02|quinethazone
C02DB|Hydrazinophthalazine derivatives
D01AA20|combinations
C10AD|Nicotinic acid and derivatives
R03CB03|orciprenaline
D08AE02|policresulen
J01AA12|tigecycline
J01GB08|sisomicin
J01GB01|tobramycin
R05DB01|benzonatate
A01AC02|dexamethasone
H02AB01|betamethasone
G01AX|Other antiinfectives and antiseptics
J02AB|Imidazole derivatives
J01MA07|lomefloxacin
D10A|ANTI-ACNE PREPARATIONS FOR TOPICAL USE
J05AE01|saquinavir
M01AE17|dexketoprofen
J05AG01|nevirapine
N04AA02|biperiden
P03AA03|mesulfen
V09|DIAGNOSTIC RADIOPHARMACEUTICALS
L04AA23|natalizumab
B05X|I.V. SOLUTION ADDITIVES
C10BX03|atorvastatin and amlodipine
G03GA01|chorionic gonadotrophin
P02CB01|piperazine
A02BC05|esomeprazole
L01XX14|tretinoin
J01EC|Intermediate-acting sulfonamides
J07BD52|measles, combinations with mumps and rubella, live attenuated
S01XA11|nandrolone
J01EE|Combinations of sulfonamides and trimethoprim, incl. derivatives
D07XB04|fluorometholone
C08CA15|benidipine
M03BB03|chlorzoxazone
C04AX01|cyclandelate
N05AL05|amisulpride
L02AE03|goserelin
D07BB01|flumetasone and antiseptics
C05|VASOPROTECTIVES
M02AA10|ketoprofen
A11HA04|riboflavin (vit B2)
C07AA15|carteolol
B03AA02|ferrous fumarate
R05CA09|guaiacolsulfonate
A02AA|Magnesium compounds
C05A|AGENTS FOR TREATMENT OF HEMORRHOIDS AND ANAL FISSURES FOR TOPICAL USE
R05DB02|benproperine
N02AA03|hydromorphone
V09AA02|technetium (99mTc) bicisate
J01DC08|loracarbef
N07BC01|buprenorphine
L01BC02|fluorouracil
N02CX|Other antimigraine preparations
N06BX06|citicoline
J05AR04|zidovudine, lamivudine and abacavir
R02AB03|fusafungine
L01BA01|methotrexate
G03EA01|methyltestosterone and estrogen
C01BA05|ajmaline
S01AA19|ampicillin
A01AB14|benzoxonium chloride
J01DB02|cefaloridine
D06BX|Other chemotherapeutics
S01BA07|fluorometholone
A03AB17|tiemonium iodide
R03BA02|budesonide
R03DA04|theophylline
S01CA07|fluorometholone and antiinfectives
N01BX04|capsaicin
S01AA|Antibiotics
M01CC01|penicillamine
V08CA09|gadobutrol
A07AA08|kanamycin
D07AC02|fluclorolone
A06AD11|lactulose
N05CD09|brotizolam
A11JA|Combinations of vitamins
J02AA01|amphotericin B
A11JB|Vitamins with minerals
A01AA|Caries prophylactic agents
R05DA11|dimemorfan
J01CA05|carindacillin
B02BD06|von Willebrand factor and coagulation factor VIII in combination
D06AX12|amikacin
S03AA07|ciprofloxacin
S01XA14|heparin
R01AB07|oxymetazoline
A02AA03|magnesium peroxide
L01BC|Pyrimidine analogues
A07BC30|combinations
A03BA04|belladonna total alkaloids
G03GA08|choriogonadotropin alfa
A01AB09|miconazole
L02AB02|medroxyprogesterone
A06AD18|sorbitol
J01FA05|oleandomycin
G03GA05|follitropin alfa
R01BA02|pseudoephedrine
M03CA01|dantrolene
C03CA02|bumetanide
A11CA02|betacarotene
J01AA08|minocycline
L03AB08|interferon beta-1b
G03FA05|methylnortestosterone and estrogen
H01CB02|octreotide
L01XX27|arsenic trioxide
D02AE01|carbamide
V08CA10|gadoxetic acid
C10AC01|colestyramine
C02LE01|prazosin and diuretics
C10AA02|lovastatin
V04CX|Other diagnostic agents
N07CA03|flunarizine
J01AA01|demeclocycline
J01CA04|amoxicillin
R01AB01|phenylephrine
R01AA08|naphazoline
B06AA11|Show text from Guidelines
H02AB06|prednisolone
J07AG52|hemophilus influenzae B, combinations with pertussis and toxoids
N03AG01|valproic acid
R07AB01|doxapram
H03BA02|propylthiouracil
N02BA04|sodium salicylate
R03DX03|fenspiride
S01CA03|hydrocortisone and antiinfectives
V06DD|Amino acids, incl. combinations with polypeptides
B01AD11|tenecteplase
R01AD02|prednisolone
C08CA04|nicardipine
A06AD17|sodium phosphate
P01BA02|hydroxychloroquine
M03AX01|botulinum toxin
C01CA07|dobutamine
R06AE55|meclozine, combinations
N05BA12|alprazolam
H02AB10|cortisone
M05BA07|risedronic acid
M03AB01|suxamethonium
R05CB05|mesna
G02AD05|sulprostone
A03CA02|clidinium and psycholeptics
S02AA05|clioquinol
R06AA04|clemastine
M04AB02|sulfinpyrazone
C05CA04|troxerutin
A11GA|Ascorbic acid (vitamin C), plain
S01EE03|bimatoprost
B05CX01|glucose
R01AA03|ephedrine
L01CD02|docetaxel
A12BA05|potassium gluconate
G01AC|Quinoline derivatives
N07BA02|Show text from Guidelines
D08AA01|ethacridine lactate
A07EA06|budesonide
R03DA02|choline theophyllinate
A05AX|Other drugs for bile therapy
A11AA02|multivitamins and calcium
A05BA03|silymarin
J07BK01|varicella, live attenuated
N04BB01|amantadine
B05XA07|calcium chloride
B05AA05|dextran
R01AA07|xylometazoline
A03AB18|prifinium bromide
J01AA02|doxycycline
B01AC17|tirofiban
R05CA07|antimony pentasulfide
G03AA08|medroxyprogesterone and ethinylestradiol
N02BE04|bucetin
S01AA21|amikacin
N06DA02|donepezil
C09DA06|candesartan and diuretics
N06AB03|fluoxetine
P01AX02|emetine
J01DB09|cefradine
S01CA05|betamethasone and antiinfectives
B01AC|Platelet aggregation inhibitors excl. heparin
N03AX16|pregabalin
R01AD03|dexamethasone
D07CC04|beclometasone and antibiotics
J01XE01|nitrofurantoin
S01HA04|proxymetacaine
D10AD|Retinoids for topical use in acne
B05BB02|electrolytes with carbohydrates
N03AF01|carbamazepine
G01AE01|sulfatolamide
A10BB04|glibornuride
A09AA02|multienzymes (lipase, protease etc.)
J07AG51|hemophilus influenzae B, combinations with toxoids
M01AC01|piroxicam
J04AM06|rifampicin, pyrazinamide, ethambutol and isoniazid
D07XC03|mometasone
A02AF01|magaldrate and antiflatulents
G03AA05|norethisterone and ethinylestradiol
C08CA12|barnidipine
D01AE20|combinations
D08AF01|nitrofural
D05AX02|calcipotriol
A10BX03|nateglinide
A11CC03|alfacalcidol
D01AC52|miconazole, combinations
A03AD01|papaverine
M01AE09|flurbiprofen
M03BA52|carisoprodol, combinations excl. psycholeptics
J05AF07|tenofovir disoproxil
R05CA|Expectorants
B05CX02|sorbitol
B05CB04|sodium bicarbonate
J05AF02|didanosine
S01EC03|dorzolamide
N06BX02|pyritinol
C09AA02|enalapril
V07A|ALL OTHER NON-THERAPEUTIC PRODUCTS
D08AG03|iodine
A07EA01|prednisolone
C03AA02|hydroflumethiazide
A03AX13|silicones
G04CX|Other drugs used in benign prostatic hypertrophy
V03A|ALL OTHER THERAPEUTIC PRODUCTS
D02AF|Salicylic acid preparations
G04BX|Other urologicals
V03AE02|sevelamer
D07AD01|clobetasol
C02CA|Alpha-adrenoreceptor antagonists
G02AB03|ergometrine
M01AX02|niflumic acid
A03AB|Synthetic anticholinergics, quaternary ammonium compounds
B01AC04|clopidogrel
S03BA02|prednisolone
C07AB02|metoprolol
A03FA|Propulsives
G03CA57|conjugated estrogens
C03EA01|hydrochlorothiazide and potassium-sparing agents
J07BJ01|rubella, live attenuated
C08DA01|verapamil
S01FA56|tropicamide, combinations
D07AC11|amcinonide
A06AB30|contact laxatives in combination with belladonna alkaloids
D08AJ04|cetrimide
J01GB07|netilmicin
S01ED02|betaxolol
B05AA|Blood substitutes and plasma protein fractions
G03B|ANDROGENS
N05AA02|levomepromazine
R01AB02|naphazoline
G03AB|Progestogens and estrogens, sequential preparations
R01AD53|dexamethasone, combinations
L03AB10|peginterferon alfa-2b
J01DD02|ceftazidime
R06AA52|diphenhydramine, combinations
S01XA13|alteplase
R01AA04|phenylephrine
B05Z|HEMODIALYTICS AND HEMOFILTRATES
G04BE01|alprostadil
L01BA03|raltitrexed
S01EB06|neostigmine
D06C|ANTIBIOTICS AND CHEMOTHERAPEUTICS, COMBINATIONS
D07XA02|prednisolone
S01GA51|naphazoline, combinations
N05BA05|potassium clorazepate
D01AE15|terbinafine
S01ED01|timolol
R02AA15|povidone-iodine
S02AA14|gentamicin
N02CX05|dimetotiazine
G03AC02|lynestrenol
A06AD12|lactitol
A11EC|Vitamin B-complex with minerals
R05DB04|isoaminile
G03BA02|methyltestosterone
C01DA05|pentaerithrityl tetranitrate
N05BA16|nordazepam
P03AA|Sulfur containing products
V07AX|Washing agents etc.
M01AX17|nimesulide
G01AA51|nystatin, combinations
L01XC02|rituximab
G03AC05|megestrol
V08AB07|ioversol
L01CA04|vinorelbine
D08AB|Aluminium agents
N01AB08|sevoflurane
C02DA01|diazoxide
G03DA03|hydroxyprogesterone
J02AX01|flucytosine
D08AH01|dequalinium
S01BA04|prednisolone
L04AA|Selective immunosuppressants
V08CA|Paramagnetic contrast media
R03BA07|mometasone
S01LA01|verteporfin
N07CA02|cinnarizine
L03AB11|peginterferon alfa-2a
J07AX|Other bacterial vaccines
A12CC02|magnesium sulfate
C02AA01|rescinnamine
C03AA03|hydrochlorothiazide
A09AA01|diastase
A06AD16|mannitol
G03BA|3-oxoandrosten (4) derivatives
L01XC08|panitumumab
A06AC53|sterculia, combinations
S01FA06|tropicamide
J01DD12|cefoperazone
G01AC02|clioquinol
J01FA08|troleandomycin
A10BB|Sulfonylureas
J05AB01|aciclovir
N02AA01|morphine
C07BB03|atenolol and thiazides
C05AX01|aluminium preparations
G02AB|Ergot alkaloids
H02AB09|hydrocortisone
V01AA02|grass pollen
A03CB03|atropine and psycholeptics
R01AC02|levocabastine
J01EB05|sulfafurazole
P02CC01|pyrantel
R05DB09|oxeladin
C05BA01|organo-heparinoid
A01AB06|domiphen
J01XX01|fosfomycin
R06AX|Other antihistamines for systemic use
V08CX|Other magnetic resonance imaging contrast media
J01CA|Penicillins with extended spectrum
G03CA04|estriol
D07CC06|fluocortolone and antibiotics
J07BH01|rota virus, live attenuated
M03BC51|orphenadrine, combinations
N02BB54|propyphenazone, combinations excl. psycholeptics
R01AA05|oxymetazoline
R06AB51|brompheniramine, combinations
N02CC04|rizatriptan
S03AA02|tetracycline
A12|MINERAL SUPPLEMENTS
C07AA01|alprenolol
R03CC13|clenbuterol
L03AB05|interferon alfa-2b
D08AX08|ethanol
B02BC06|thrombin
A06AD|Osmotically acting laxatives
S02DA02|cocaine
M03BB53|chlorzoxazone, combinations excl. psycholeptics
D10AD51|tretinoin, combinations
B05XX02|trometamol
J07BM01|papillomavirus (human types 6, 11, 16, 18)
D10AD04|isotretinoin
R05CB15|erdosteine
J01BA01|chloramphenicol
J05AE03|ritonavir
S01E|ANTIGLAUCOMA PREPARATIONS AND MIOTICS
C05BA03|heparin
C03AA07|cyclopenthiazide
J05AE04|nelfinavir
M01AB17|bufexamac
G01AA01|nystatin
V03AB|Antidotes
A11EX|Vitamin B-complex, other combinations
N05BA04|oxazepam
H02BX|Corticosteroids for systemic use, combinations
V08CA06|gadoversetamide
J05AF11|telbivudine
S02AA08|tetracycline
S01EB01|pilocarpine
J01CR01|ampicillin and enzyme inhibitor
D02AE|Carbamide products
L02BB03|bicalutamide
J04AB02|rifampicin
N03AA02|phenobarbital
D04AA32|diphenhydramine
H03AA05|thyroid gland preparations
D10AX30|various combinations
V08A|X-RAY CONTRAST MEDIA, IODINATED
P01AB02|tinidazole
A01AB13|tetracycline
J01CF01|dicloxacillin
B05BC01|mannitol
C01BD01|amiodarone
B03BA05|mecobalamin
N05BA|Benzodiazepine derivatives
A10BG03|pioglitazone
A10BD03|metformin and rosiglitazone
S01CB04|betamethasone
B02BB|Fibrinogen
N07XX02|riluzole
L01CD01|paclitaxel
S03AA04|chlorhexidine
C08CA02|felodipine
R06AA02|diphenhydramine
R01AD52|prednisolone, combinations
N05AF01|flupentixol
A10BD02|metformin and sulfonylureas
S01CB02|prednisolone
B02BX01|etamsylate
R06AE06|oxatomide
D06AX05|bacitracin
L02AE04|triptorelin
N02BB52|metamizole sodium, combinations excl. psycholeptics
A10BX02|repaglinide
C09BA04|perindopril and diuretics
C08CA09|lacidipine
C05AD03|benzocaine
H02AB07|prednisone
R06AB02|dexchlorpheniramine
R03CB01|isoprenaline
N06DX02|Ginkgo folium
L02BA03|fulvestrant
D10AX02|resorcinol
A07AA04|streptomycin
D10AB05|mesulfen
L01XX35|anagrelide
A09AB03|hydrochloric acid
L04AA06|mycophenolic acid
N02AG01|morphine and antispasmodics
G03AA12|drospirenone and ethinylestradiol
G01AF11|ketoconazole
L01CA02|vincristine
A03AB06|otilonium bromide
R06AA08|carbinoxamine
R03AC06|hexoprenaline
G03BB02|androstanolone
N06AA12|doxepin
H01BA01|vasopressin
G03DB01|dydrogesterone
B05CX04|mannitol
C09DA08|olmesartan medoxomil and diuretics
B05DB|Hypertonic solutions
D11AX11|hydroquinone
A07EA07|beclometasone
A03BB01|butylscopolamine
J06BB16|palivizumab
L04AA18|everolimus
N02BA51|acetylsalicylic acid, combinations excl. psycholeptics
A08AB01|orlistat
S01EA01|epinephrine
M01AB16|aceclofenac
L01AX04|dacarbazine
D03BA01|trypsin
N02AF01|butorphanol
S01GA03|xylometazoline
D07XC|Corticosteroids, potent, other combinations
V09IB01|indium (111In) pentetreotide
L03AA10|lenograstim
B02AB01|aprotinin
A12CA01|sodium chloride
A02BX04|methiosulfonium chloride
A07DA|Antipropulsives
A04AD54|chlorobutanol, combinations
H01BA06|argipressin
A04AA02|granisetron
G03GA06|follitropin beta
B05CB02|sodium citrate
A05B|LIVER THERAPY, LIPOTROPICS
M02AA21|tolmetin
A02BX12|bismuth subnitrate
J01CE02|phenoxymethylpenicillin
S01BA01|dexamethasone
J05AR05|zidovudine, lamivudine and nevirapine
J01CF05|flucloxacillin
C05BB02|polidocanol
S01EE01|latanoprost
J07AE|Cholera vaccines
G04BD02|flavoxate
V09B|SKELETON
D04AA02|mepyramine
V08CB|Superparamagnetic contrast media
N04A|ANTICHOLINERGIC AGENTS
S01AA10|natamycin
C01CA03|norepinephrine
C01EB16|ibuprofen
S01EE02|unoprostone
D10AA02|methylprednisolone
A07AX03|nifuroxazide
B05BC02|carbamide
N05BA11|prazepam
D04AB02|cinchocaine
D10AX03|azelaic acid
D03AX10|enoxolone
N07BA01|nicotine
C03AX01|hydrochlorothiazide, combinations
L03AA13|pegfilgrastim
N05CD08|midazolam
D07AB19|dexamethasone
S01GA04|oxymetazoline
S01FA04|cyclopentolate
R01BA|Sympathomimetics
V09GA04|technetium (99mTc) human albumin
S01AX07|sodium borate
P03AX|Other ectoparasiticides, incl. scabicides
C01BB02|mexiletine
N03AA03|primidone
V09GX03|chromium (51Cr) chromate labelled cells
N06BA09|atomoxetine
A09AA03|pepsin
A01AD02|benzydamine
P01AR|Arsenic compounds
G04BD07|tolterodine
M02AA18|meclofenamic acid
A06AA02|docusate sodium
D02BA02|octinoxate
B01AB02|antithrombin III
D02AB|Zinc products
R05DB05|pentoxyverine
G03AA07|levonorgestrel and ethinylestradiol
D08AX05|isopropanol
G03GA|Gonadotropins
D07AC09|budesonide
D11AX05|magnesium sulfate
B02AA01|aminocaproic acid
G03DB03|medrogestone
D10AX|Other anti-acne preparations for topical use
D07BB|Corticosteroids, moderately potent, combinations with antiseptics
J01CA15|talampicillin
A03AA|Synthetic anticholinergics, esters with tertiary amino group
B03XA01|erythropoietin
N07CA01|betahistine
A12CB01|zinc sulfate
M03B|MUSCLE RELAXANTS, CENTRALLY ACTING AGENTS
A12AA20|calcium (different salts in combination)
A03FA03|domperidone
P02|ANTHELMINTICS
C01DX16|nicorandil
D04AB|Anesthetics for topical use
P01BC02|mefloquine
V03AC01|deferoxamine
A02X|OTHER DRUGS FOR ACID RELATED DISORDERS
A11GA01|ascorbic acid (vit C)
L02BB01|flutamide
D10AD01|tretinoin
S01XA10|inosine
R03CC09|tretoquinol
C05AX02|bismuth preparations, combinations
J01FA03|midecamycin
R06AB04|chlorphenamine
N05CM|Other hypnotics and sedatives
A02AB07|aluminium glycinate
J01EB01|sulfaisodimidine
D10BA01|isotretinoin
N02AX02|tramadol
R06AC01|mepyramine
R03DX05|omalizumab
S01BA15|fluocinolone acetonide
G04CB02|dutasteride
N05AX13|paliperidone
A12BA04|potassium hydrogencarbonate
A10AC03|insulin (pork)
G03GA02|human menopausal gonadotrophin
B01AE06|bivalirudin
A12AA09|calcium citrate lysine complex
J04AM05|rifampicin, pyrazinamide and isoniazid
D07XC04|diflucortolone
R06AB05|pheniramine
J05AX05|inosine pranobex
D01AE54|undecylenic acid, combinations
A06AG01|sodium phosphate
J02AX06|anidulafungin
D05BA|Psoralens for systemic use
L01XC06|cetuximab
S01XA20|artificial tears and other indifferent preparations
C07AB09|esmolol
N01AX07|etomidate
A16AB02|imiglucerase
J01EE06|sulfadiazine and tetroxoprim
C09AA03|lisinopril
D11AA|Antihidrotics
V03AB15|naloxone
N06AB10|escitalopram
G03EA02|testosterone and estrogen
G03CA53|estradiol, combinations
R02AB04|bacitracin
R06AE51|buclizine, combinations
D07CB05|flumetasone and antibiotics
V10XA|Iodine (131I) compounds
M03BA01|phenprobamate
A02BA06|roxatidine
V03AC02|deferiprone
C01CA04|dopamine
C01BC04|flecainide
A01AB08|neomycin
P01AX|Other agents against amoebiasis and other protozoal diseases
J01EC02|sulfadiazine
G03DB04|nomegestrol
A09AC02|multienzymes and acid preparations
V09BA02|technetium (99mTc) medronic acid
A10AD30|combinations
B03AC07|Show text from Guidelines
V09X|OTHER DIAGNOSTIC RADIOPHARMACEUTICALS
A02A|ANTACIDS
B05CB01|sodium chloride
G04BX01|magnesium hydroxide
G03BA01|fluoxymesterone
B05XA08|sodium acetate
M01AG04|meclofenamic acid
A07EC04|balsalazide
C04AA02|buphenine
N05CF01|zopiclone
B02BD|Blood coagulation factors
A11HA32|pantethine
R05FB01|cough suppressants and mucolytics
L04AA13|leflunomide
A03AX08|alverine
M02AB|Capsaicin and similar agents
S01AA03|neomycin
R01AD11|triamcinolone
D04AB07|pramocaine
D06AX07|gentamicin
A11HA30|dexpanthenol
N01BA03|tetracaine
L01XB01|procarbazine
C10AX02|probucol
V03AE|Drugs for treatment of hyperkalemia and hyperphosphatemia
J05AR03|tenofovir disoproxil and emtricitabine
R06AX07|triprolidine
R03DA20|combinations of xanthines
A10BB07|glipizide
J01MB02|nalidixic acid
R06AC04|tripelennamine
N02CX02|clonidine
S01HA|Local anesthetics
A02BX03|pirenzepine
N05BA06|lorazepam
S01EE04|travoprost
J01EB02|sulfamethizole
C01CX08|levosimendan
G04BE02|papaverine
A02BA04|nizatidine
B05XA14|sodium glycerophosphate
A14AB01|nandrolone
A11HA31|calcium pantothenate
R03BB01|ipratropium bromide
A13A|TONICS
M02AA13|ibuprofen
L04AX|Other immunosuppressants
N02AG|Opioids in combination with antispasmodics
N05CM01|methaqualone
A12CD01|sodium fluoride
N05AF04|tiotixene
G01AF04|miconazole
H03BB01|carbimazole
A03EA|Antispasmodics, psycholeptics and analgesics in combination
J05AF01|zidovudine
G03GA07|lutropin alfa
D10AF51|clindamycin, combinations
D11A|OTHER DERMATOLOGICAL PREPARATIONS
H01BB02|oxytocin
M04A|ANTIGOUT PREPARATIONS
L02BG01|aminoglutethimide
G04BX06|phenazopyridine
D07CA01|hydrocortisone and antibiotics
N02BE|Anilides
N06AA16|dosulepin
N02BB03|aminophenazone
R01AX02|retinol
R03CC02|salbutamol
C01BC03|propafenone
S02BA06|dexamethasone
D02AX|Other emollients and protectives
D10AF01|clindamycin
B03AC|Iron, parenteral preparations
R07AA01|colfosceril palmitate
D06AX04|neomycin
S01HA06|cinchocaine
C01EB|Other cardiac preparations
G01A|ANTIINFECTIVES AND ANTISEPTICS, EXCL. COMBINATIONS WITH CORTICOSTEROIDS
A02BA|H2-receptor antagonists
A02BB|Prostaglandins
A02BC|Proton pump inhibitors
A03CA|Synthetic anticholinergic agents in combination with psycholeptics
A03CB|Belladonna and derivatives in combination with psycholeptics
A06AA|Softeners, emollients
A07AA|Antibiotics
A07AC|Imidazole derivatives
A07EA|Corticosteroids acting locally
A07EB|Antiallergic agents, excl. corticosteroids
A07EC|Aminosalicylic acid and similar agents
A08AB|Peripherally acting antiobesity products
A09AB|Acid preparations
A10AB|Insulins and analogues for injection, fast-acting
A10AC|Insulins and analogues for injection, intermediate-acting
A10AE|Insulins and analogues for injection, long-acting
A10BA|Biguanides
A10BF|Alpha glucosidase inhibitors
A10BG|Thiazolidinediones
A10BH|Dipeptidyl peptidase 4 (DPP-4) inhibitors
A10BK|Sodium-glucose co-transporter 2 (SGLT2) inhibitors
A10BX|Other blood glucose lowering drugs, excl. insulins
A11AA|Multivitamins with minerals
A14AB|Estren derivatives
A16AB|Enzymes
B01AA|Vitamin K antagonists
B01AE|Direct thrombin inhibitors
B02AA|Amino acids
B02AB|Proteinase inhibitors
B02BC|Local hemostatics
B03AD|Iron in combination with folic acid
B03BB|Folic acid and derivatives
B05CA|Antiinfectives
B05XX|Other i.v. solution additives
C01AA|Digitalis glycosides
C01AC|Strophanthus glycosides
C01BA|Antiarrhythmics, class Ia
C01BB|Antiarrhythmics, class Ib
C01BC|Antiarrhythmics, class Ic
C01CE|Phosphodiesterase inhibitors
C01CX|Other cardiac stimulants
C01DA|Organic nitrates
C01DX|Other vasodilators used in cardiac diseases
C02AA|Rauwolfia alkaloids
C02AC|Imidazoline receptor agonists
C02CC|Guanidine derivatives
C02DA|Thiazide derivatives
C02DC|Pyrimidine derivatives
C02DD|Nitroferricyanide derivatives
C02KX|Antihypertensives for pulmonary arterial hypertension
C02LA|Rauwolfia alkaloids and diuretics in combination
C02LC|Imidazoline receptor agonists in combination with diuretics
C02LE|Alpha-adrenoreceptor antagonists and diuretics
C02LG|Hydrazinophthalazine derivatives and diuretics
C03AX|Thiazides, combinations with other drugs
C03BA|Sulfonamides, plain
C03CA|Sulfonamides, plain
C03CC|Aryloxyacetic acid derivatives
C03DA|Aldosterone antagonists
C03DB|Other potassium-sparing agents
C04AA|2-amino-1-phenylethanol derivatives
C04AD|Purine derivatives
C04AF|Enzymes
C05BA|Heparins or heparinoids for topical use
C05BB|Sclerosing agents for local injection
C07AB|Beta blocking agents, selective
C07AG|Alpha and beta blocking agents
C07BB|Beta blocking agents, selective, and thiazides
C07CB|Beta blocking agents, selective, and other diuretics
C08CA|Dihydropyridine derivatives
C08DA|Phenylalkylamine derivatives
C08DB|Benzothiazepine derivatives
C09AA|ACE inhibitors, plain
C09BA|ACE inhibitors and diuretics
C09CA|Angiotensin II antagonists, plain
C09DB|Angiotensin II antagonists and calcium channel blockers
C09XA|Renin-inhibitors
C10AA|HMG CoA reductase inhibitors
C10AB|Fibrates
C10BA|HMG CoA reductase inhibitors in combination with other lipid modifying agents
C10BX|HMG CoA reductase inhibitors, other combinations
D01AA|Antibiotics
D01BA|Antifungals for systemic use
D02BA|Protectives against UV-radiation for topical use
D02BB|Protectives against UV-radiation for systemic use
D05AC|Antracen derivatives
D05AX|Other antipsoriatics for topical use
D06AA|Tetracycline and derivatives
D06BB|Antivirals
D07AB|Corticosteroids, moderately potent (group II)
D07AC|Corticosteroids, potent (group III)
D07AD|Corticosteroids, very potent (group IV)
D07BA|Corticosteroids, weak, combinations with antiseptics
D07BC|Corticosteroids, potent, combinations with antiseptics
D07CB|Corticosteroids, moderately potent, combinations with antibiotics
D08AA|Acridine derivatives
D08AF|Nitrofuran derivatives
D08AH|Quinoline derivatives
D08AK|Mercurial products
D10AA|Corticosteroids, combinations for treatment of acne
D10AE|Peroxides
D10BA|Retinoids for treatment of acne
G01AE|Sulfonamides
G01AF|Imidazole derivatives
G01AG|Triazole derivatives
G02CA|Sympathomimetics, labour repressants
G02CB|Prolactine inhibitors
G02CC|Antiinflammatory products for vaginal administration
G02CX|Other gynecologicals
G03BB|5-androstanon (3) derivatives
G03CA|Natural and semisynthetic estrogens, plain
G03DB|Pregnadien derivatives
G03DC|Estren derivatives
G03EA|Androgens and estrogens
G03EK|Androgens and female sex hormones in combination with other drugs
G03FA|Progestogens and estrogens, fixed combinations
G03FB|Progestogens and estrogens, sequential preparations
G03GB|Ovulation stimulants, synthetic
G03HA|Antiandrogens, plain
G03HB|Antiandrogens and estrogens
G03XA|Antigonadotropins and similar agents
G03XB|Progesterone receptor modulators
G04BA|Acidifiers
G04BE|Drugs used in erectile dysfunction
G04CA|Alpha-adrenoreceptor antagonists
G04CB|Testosterone-5-alpha reductase inhibitors
H01AC|Somatropin and somatropin agonists
H01BA|Vasopressin and analogues
H01BB|Oxytocin and analogues
H01CA|Gonadotropin-releasing hormones
H01CB|Somatostatin and analogues
H01CC|Anti-gonadotropin-releasing hormones
H02AA|Mineralocorticoids
H03AA|Thyroid hormones
H03BA|Thiouracils
H03BB|Sulfur-containing imidazole derivatives
H04AA|Glycogenolytic hormones
H05AA|Parathyroid hormones and analogues
H05BA|Calcitonin preparations
H05BX|Other anti-parathyroid agents
J01AA|Tetracyclines
J01BA|Amphenicols
J01CE|Beta-lactamase sensitive penicillins
J01CF|Beta-lactamase resistant penicillins
J01CR|Combinations of penicillins, incl. beta-lactamase inhibitors
J01DB|First-generation cephalosporins
J01DC|Second-generation cephalosporins
J01DD|Third-generation cephalosporins
J01DF|Monobactams
J01EA|Trimethoprim and derivatives
J01FF|Lincosamides
J01GA|Streptomycins
J01GB|Other aminoglycosides
J01MA|Fluoroquinolones
J01MB|Other quinolones
J01RA|Combinations of antibacterials
J01XA|Glycopeptide antibacterials
J01XB|Polymyxins
J01XC|Steroid antibacterials
J01XD|Imidazole derivatives
J01XE|Nitrofuran derivatives
J02AA|Antibiotics
J04AB|Antibiotics
J04AC|Hydrazides
J04AD|Thiocarbamide derivatives
J04AK|Other drugs for treatment of tuberculosis
J04BA|Drugs for treatment of lepra
J05AB|Nucleosides and nucleotides excl. reverse transcriptase inhibitors
J05AF|Nucleoside and nucleotide reverse transcriptase inhibitors
J05AG|Non-nucleoside reverse transcriptase inhibitors
J05AH|Neuraminidase inhibitors
J05AR|Antivirals for treatment of HIV infections, combinations
J05AX|Other antivirals
J06AA|Immune sera
J06BB|Specific immunoglobulins
J07AF|Diphtheria vaccines
J07AM|Tetanus vaccines
J07BA|Encephalitis vaccines
J07BC|Hepatitis vaccines
J07BD|Measles vaccines
J07BE|Mumps vaccines
J07BG|Rabies vaccines
J07BH|Rota virus diarrhea vaccines
J07BJ|Rubella vaccines
J07BK|Varicella zoster vaccines
L01AA|Nitrogen mustard analogues
L01AB|Alkyl sulfonates
L01AC|Ethylene imines
L01AD|Nitrosoureas
L01AX|Other alkylating agents
L01BA|Folic acid analogues
L01BB|Purine analogues
L01CA|Vinca alkaloids and analogues
L01CB|Podophyllotoxin derivatives
L01CD|Taxanes
L01DA|Actinomycines
L01DB|Anthracyclines and related substances
L01DC|Other cytotoxic antibiotics
L01XA|Platinum compounds
L01XB|Methylhydrazines
L01XC|Monoclonal antibodies
L01XD|Sensitizers used in photodynamic/radiation therapy
L01XE|Protein kinase inhibitors
L02AB|Progestogens
L02AE|Gonadotropin releasing hormone analogues
L02BA|Anti-estrogens
L02BB|Anti-androgens
L02BG|Aromatase inhibitors
L03AA|Colony stimulating factors
L03AB|Interferons
L03AC|Interleukins
L03AX|Other immunostimulants
M01AA|Butylpyrazolidines
M01AB|Acetic acid derivatives and related substances
M01AC|Oxicams
M01AE|Propionic acid derivatives
M01AG|Fenamates
M01AH|Coxibs
M01CB|Gold preparations
M01CC|Penicillamine and similar agents
M03AA|Curare alkaloids
M03AB|Choline derivatives
M03AC|Other quaternary ammonium compounds
M03AX|Other muscle relaxants, peripherally acting agents
M03BA|Carbamic acid esters
M03BC|Ethers, chemically close to antihistamines
M03CA|Dantrolene and derivatives
M04AA|Preparations inhibiting uric acid production
M04AC|Preparations with no effect on uric acid metabolism
M05BA|Bisphosphonates
M05BB|Bisphosphonates, combinations
M05BX|Other drugs affecting bone structure and mineralization
N01AB|Halogenated hydrocarbons
N01AH|Opioid anesthetics
N01AX|Other general anesthetics
N01BB|Amides
N01BC|Esters of benzoic acid
N02AB|Phenylpiperidine derivatives
N02AC|Diphenylpropylamine derivatives
N02AE|Oripavine derivatives
N02AF|Morphinan derivatives
N02AX|Other opioids
N02CA|Ergot alkaloids
N02CC|Selective serotonin (5HT1) agonists
N03AB|Hydantoin derivatives
N03AE|Benzodiazepine derivatives
N03AF|Carboxamide derivatives
N03AX|Other antiepileptics
N04AA|Tertiary amines
N04AB|Ethers chemically close to antihistamines
N04AC|Ethers of tropine or tropine derivatives
N04BB|Adamantane derivatives
N04BC|Dopamine agonists
N04BD|Monoamine oxidase B inhibitors
N04BX|Other dopaminergic agents
N05AA|Phenothiazines with aliphatic side-chain
N05AC|Phenothiazines with piperidine structure
N05AD|Butyrophenone derivatives
N05AE|Indole derivatives
N05AF|Thioxanthene derivatives
N05AG|Diphenylbutylpiperidine derivatives
N05AH|Diazepines, oxazepines, thiazepines and oxepines
N05AL|Benzamides
N05AN|Lithium
N05AX|Other antipsychotics
N05BB|Diphenylmethane derivatives
N05BC|Carbamates
N05BD|Dibenzo-bicyclo-octadiene derivatives
N05BE|Azaspirodecanedione derivatives
N05BX|Other anxiolytics
N05CA|Barbiturates, plain
N05CF|Benzodiazepine related drugs
N05CX|Hypnotics and sedatives in combination, excl. barbiturates
N06AA|Non-selective monoamine reuptake inhibitors
N06AB|Selective serotonin reuptake inhibitors
N06AG|Monoamine oxidase A inhibitors
N06BA|Centrally acting sympathomimetics
N06BC|Xanthine derivatives
N06BX|Other psychostimulants and nootropics
N06CA|Antidepressants in combination with psycholeptics
N06DA|Anticholinesterases
N07AA|Anticholinesterases
N07AB|Choline esters
N07AX|Other parasympathomimetics
N07BA|Drugs used in nicotine dependence
N07BB|Drugs used in alcohol dependence
N07BC|Drugs used in opioid dependence
N07XX|Other nervous system drugs
P01AA|Hydroxyquinoline derivatives
P01AB|Nitroimidazole derivatives
P01BA|Aminoquinolines
P01BC|Methanolquinolines
P01CC|Nitrofuran derivatives
P01CX|Other agents against leishmaniasis and trypanosomiasis
P02BA|Quinoline derivatives and related substances
P02CA|Benzimidazole derivatives
P02CB|Piperazine and derivatives
P02CC|Tetrahydropyrimidine derivatives
P02CE|Imidazothiazole derivatives
P03AB|Chlorine containing products
P03AC|Pyrethrines, incl. synthetic compounds
R01AA|Sympathomimetics, plain
R02AB|Antibiotics
R02AD|Anesthetics, local
R03AA|Alpha- and beta-adrenoreceptor agonists
R03AB|Non-selective beta-adrenoreceptor agonists
R03AK|Adrenergics in combination with corticosteroids or other drugs, excl. anticholinergics
R03BA|Glucocorticoids
R03BB|Anticholinergics
R03BC|Antiallergic agents, excl. corticosteroids
R03BX|Other drugs for obstructive airway diseases, inhalants
R03DC|Leukotriene receptor antagonists
R06AC|Substituted ethylene diamines
R06AD|Phenothiazine derivatives
R07AA|Lung surfactants
R07AB|Respiratory stimulants
S01AD|Antivirals
S01BA|Corticosteroids, plain
S01CB|Corticosteroids/antiinfectives/mydriatics in combination
S01EA|Sympathomimetics in glaucoma therapy 1)
S01EB|Parasympathomimetics
S01EC|Carbonic anhydrase inhibitors
S01ED|Beta blocking agents 1)
S01EE|Prostaglandin analogues 1)
S01FA|Anticholinergics
S01FB|Sympathomimetics excl. antiglaucoma preparations
S01JA|Colouring agents
S01KX|Other surgical aids
S01LA|Antineovascularisation agents
S03AA|Antiinfectives
S03BA|Corticosteroids
V03AC|Iron chelating agents
V03AF|Detoxifying agents for antineoplastic treatment
V03AN|Medical gases
V04CA|Tests for diabetes
V04CC|Tests for bile duct patency
V04CD|Tests for pituitary function
V04CF|Tuberculosis diagnostics
V04CJ|Tests for thyreoidea function
V04CM|Tests for fertility disturbances
V08AA|Watersoluble, nephrotropic, high osmolar X-ray contrast media
V08AD|Non-watersoluble X-ray contrast media
V08DA|Ultrasound contrast media
V09BA|Technetium (99mTc) compounds
V09CX|Other renal system diagnostic radiopharmaceuticals
V09DB|Technetium (99mTc), particles and colloids
V09GA|Technetium (99mTc) compounds
V09HX|Other diagnostic radiopharmaceuticals for inflammation and infection detection
V09IX|Other diagnostic radiopharmaceuticals for tumour detection
V09XA|Iodine (131I) compounds
V10XX|Various therapeutic radiopharmaceuticals
A01A|STOMATOLOGICAL PREPARATIONS
A02B|DRUGS FOR PEPTIC ULCER AND GASTRO-OESOPHAGEAL REFLUX DISEASE (GORD)
A03A|DRUGS FOR FUNCTIONAL GASTROINTESTINAL DISORDERS
A03E|ANTISPASMODICS AND ANTICHOLINERGICS IN COMBINATION WITH OTHER DRUGS
A03F|PROPULSIVES
A04A|ANTIEMETICS AND ANTINAUSEANTS
A05A|BILE THERAPY
A07A|INTESTINAL ANTIINFECTIVES
A07B|INTESTINAL ADSORBENTS
A07C|ELECTROLYTES WITH CARBOHYDRATES
A07D|ANTIPROPULSIVES
A07E|INTESTINAL ANTIINFLAMMATORY AGENTS
A07F|ANTIDIARRHEAL MICROORGANISMS
A08A|ANTIOBESITY PREPARATIONS, EXCL. DIET PRODUCTS
A10B|BLOOD GLUCOSE LOWERING DRUGS, EXCL. INSULINS
A11B|MULTIVITAMINS, PLAIN
A11C|VITAMIN A AND D, INCL. COMBINATIONS OF THE TWO
A11D|VITAMIN B1, PLAIN AND IN COMBINATION WITH VITAMIN B6 AND B12
A11E|VITAMIN B-COMPLEX, INCL. COMBINATIONS
A11G|ASCORBIC ACID (VITAMIN C), INCL. COMBINATIONS
A12A|CALCIUM
A12B|POTASSIUM
A12C|OTHER MINERAL SUPPLEMENTS
A14A|ANABOLIC STEROIDS
B01A|ANTITHROMBOTIC AGENTS
B02A|ANTIFIBRINOLYTICS
B02B|VITAMIN K AND OTHER HEMOSTATICS
B03B|VITAMIN B12 AND FOLIC ACID
B03X|OTHER ANTIANEMIC PREPARATIONS
B05A|BLOOD AND RELATED PRODUCTS
B05B|I.V. SOLUTIONS
C01A|CARDIAC GLYCOSIDES
C01B|ANTIARRHYTHMICS, CLASS I AND III
C01C|CARDIAC STIMULANTS EXCL. CARDIAC GLYCOSIDES
C01D|VASODILATORS USED IN CARDIAC DISEASES
C01E|OTHER CARDIAC PREPARATIONS
C02A|ANTIADRENERGIC AGENTS, CENTRALLY ACTING
C02C|ANTIADRENERGIC AGENTS, PERIPHERALLY ACTING
C02D|ARTERIOLAR SMOOTH MUSCLE, AGENTS ACTING ON
C02K|OTHER ANTIHYPERTENSIVES
C02L|ANTIHYPERTENSIVES AND DIURETICS IN COMBINATION
C03A|LOW-CEILING DIURETICS, THIAZIDES
C03B|LOW-CEILING DIURETICS, EXCL. THIAZIDES
C03C|HIGH-CEILING DIURETICS
C03D|POTASSIUM-SPARING AGENTS
C03E|DIURETICS AND POTASSIUM-SPARING AGENTS IN COMBINATION
C04A|PERIPHERAL VASODILATORS
C05B|ANTIVARICOSE THERAPY
C05C|CAPILLARY STABILIZING AGENTS
C07A|BETA BLOCKING AGENTS
C07B|BETA BLOCKING AGENTS AND THIAZIDES
C07C|BETA BLOCKING AGENTS AND OTHER DIURETICS
C08C|SELECTIVE CALCIUM CHANNEL BLOCKERS WITH MAINLY VASCULAR EFFECTS
C08D|SELECTIVE CALCIUM CHANNEL BLOCKERS WITH DIRECT CARDIAC EFFECTS
C09A|ACE INHIBITORS, PLAIN
C09B|ACE INHIBITORS, COMBINATIONS
C09C|ANGIOTENSIN II ANTAGONISTS, PLAIN
C09D|ANGIOTENSIN II ANTAGONISTS, COMBINATIONS
C09X|OTHER AGENTS ACTING ON THE RENIN-ANGIOTENSIN SYSTEM
C10A|LIPID MODIFYING AGENTS, PLAIN
C10B|LIPID MODIFYING AGENTS, COMBINATIONS
D01B|ANTIFUNGALS FOR SYSTEMIC USE
D02A|EMOLLIENTS AND PROTECTIVES
D02B|PROTECTIVES AGAINST UV-RADIATION
D05A|ANTIPSORIATICS FOR TOPICAL USE
D05B|ANTIPSORIATICS FOR SYSTEMIC USE
D06A|ANTIBIOTICS FOR TOPICAL USE
D06B|CHEMOTHERAPEUTICS FOR TOPICAL USE
D07A|CORTICOSTEROIDS, PLAIN
D07B|CORTICOSTEROIDS, COMBINATIONS WITH ANTISEPTICS
D07C|CORTICOSTEROIDS, COMBINATIONS WITH ANTIBIOTICS
D07X|CORTICOSTEROIDS, OTHER COMBINATIONS
D09A|MEDICATED DRESSINGS
D10B|ANTI-ACNE PREPARATIONS FOR SYSTEMIC USE
G02A|UTEROTONICS
G03A|HORMONAL CONTRACEPTIVES FOR SYSTEMIC USE
G03C|ESTROGENS
G03E|ANDROGENS AND FEMALE SEX HORMONES IN COMBINATION
G03F|PROGESTOGENS AND ESTROGENS IN COMBINATION
G03G|GONADOTROPINS AND OTHER OVULATION STIMULANTS
G03H|ANTIANDROGENS
G03X|OTHER SEX HORMONES AND MODULATORS OF THE GENITAL SYSTEM
G04B|UROLOGICALS
G04C|DRUGS USED IN BENIGN PROSTATIC HYPERTROPHY
H01A|ANTERIOR PITUITARY LOBE HORMONES AND ANALOGUES
H01B|POSTERIOR PITUITARY LOBE HORMONES
H01C|HYPOTHALAMIC HORMONES
H02A|CORTICOSTEROIDS FOR SYSTEMIC USE, PLAIN
H02B|CORTICOSTEROIDS FOR SYSTEMIC USE, COMBINATIONS
H03A|THYROID PREPARATIONS
H03B|ANTITHYROID PREPARATIONS
H03C|IODINE THERAPY
H04A|GLYCOGENOLYTIC HORMONES
H05A|PARATHYROID HORMONES AND ANALOGUES
H05B|ANTI-PARATHYROID AGENTS
J01A|TETRACYCLINES
J01B|AMPHENICOLS
J01C|BETA-LACTAM ANTIBACTERIALS, PENICILLINS
J01E|SULFONAMIDES AND TRIMETHOPRIM
J01F|MACROLIDES, LINCOSAMIDES AND STREPTOGRAMINS
J01G|AMINOGLYCOSIDE ANTIBACTERIALS
J01M|QUINOLONE ANTIBACTERIALS
J01X|OTHER ANTIBACTERIALS
J02A|ANTIMYCOTICS FOR SYSTEMIC USE
J04A|DRUGS FOR TREATMENT OF TUBERCULOSIS
J04B|DRUGS FOR TREATMENT OF LEPRA
J05A|DIRECT ACTING ANTIVIRALS
J06A|IMMUNE SERA
J06B|IMMUNOGLOBULINS
J07A|BACTERIAL VACCINES
J07B|VIRAL VACCINES
J07C|BACTERIAL AND VIRAL VACCINES, COMBINED
L01A|ALKYLATING AGENTS
L01B|ANTIMETABOLITES
L01C|PLANT ALKALOIDS AND OTHER NATURAL PRODUCTS
L01D|CYTOTOXIC ANTIBIOTICS AND RELATED SUBSTANCES
L01X|OTHER ANTINEOPLASTIC AGENTS
L02A|HORMONES AND RELATED AGENTS
L02B|HORMONE ANTAGONISTS AND RELATED AGENTS
L03A|IMMUNOSTIMULANTS
L04A|IMMUNOSUPPRESSANTS
M01A|ANTIINFLAMMATORY AND ANTIRHEUMATIC PRODUCTS, NON-STEROIDS
M01B|ANTIINFLAMMATORY/ANTIRHEUMATIC AGENTS IN COMBINATION
M01C|SPECIFIC ANTIRHEUMATIC AGENTS
M03A|MUSCLE RELAXANTS, PERIPHERALLY ACTING AGENTS
M03C|MUSCLE RELAXANTS, DIRECTLY ACTING AGENTS
M05B|DRUGS AFFECTING BONE STRUCTURE AND MINERALIZATION
M09A|OTHER DRUGS FOR DISORDERS OF THE MUSCULO-SKELETAL SYSTEM
N01A|ANESTHETICS, GENERAL
N02A|OPIOIDS
N02C|ANTIMIGRAINE PREPARATIONS
N03A|ANTIEPILEPTICS
N04B|DOPAMINERGIC AGENTS
N05A|ANTIPSYCHOTICS
N05B|ANXIOLYTICS
N05C|HYPNOTICS AND SEDATIVES
N06A|ANTIDEPRESSANTS
N06B|PSYCHOSTIMULANTS, AGENTS USED FOR ADHD AND NOOTROPICS
N06C|PSYCHOLEPTICS AND PSYCHOANALEPTICS IN COMBINATION
N06D|ANTI-DEMENTIA DRUGS
N07A|PARASYMPATHOMIMETICS
N07B|DRUGS USED IN ADDICTIVE DISORDERS
N07C|ANTIVERTIGO PREPARATIONS
N07X|OTHER NERVOUS SYSTEM DRUGS
P01A|AGENTS AGAINST AMOEBIASIS AND OTHER PROTOZOAL DISEASES
P01B|ANTIMALARIALS
P01C|AGENTS AGAINST LEISHMANIASIS AND TRYPANOSOMIASIS
P02B|ANTITREMATODALS
P03A|ECTOPARASITICIDES, INCL. SCABICIDES
P03B|INSECTICIDES AND REPELLENTS
R01A|DECONGESTANTS AND OTHER NASAL PREPARATIONS FOR TOPICAL USE
R01B|NASAL DECONGESTANTS FOR SYSTEMIC USE
R03B|OTHER DRUGS FOR OBSTRUCTIVE AIRWAY DISEASES, INHALANTS
R03C|ADRENERGICS FOR SYSTEMIC USE
R03D|OTHER SYSTEMIC DRUGS FOR OBSTRUCTIVE AIRWAY DISEASES
R05C|EXPECTORANTS, EXCL. COMBINATIONS WITH COUGH SUPPRESSANTS
R05D|COUGH SUPPRESSANTS, EXCL. COMBINATIONS WITH EXPECTORANTS
R06A|ANTIHISTAMINES FOR SYSTEMIC USE
R07A|OTHER RESPIRATORY SYSTEM PRODUCTS
S01G|DECONGESTANTS AND ANTIALLERGICS
S01H|LOCAL ANESTHETICS
S01J|DIAGNOSTIC AGENTS
S01K|SURGICAL AIDS
S02A|ANTIINFECTIVES
S02B|CORTICOSTEROIDS
S02C|CORTICOSTEROIDS AND ANTIINFECTIVES IN COMBINATION
S02D|OTHER OTOLOGICALS
S03A|ANTIINFECTIVES
S03B|CORTICOSTEROIDS
V01A|ALLERGENS
V04C|OTHER DIAGNOSTIC AGENTS
V08B|X-RAY CONTRAST MEDIA, NON-IODINATED
V08C|MAGNETIC RESONANCE IMAGING CONTRAST MEDIA
V08D|ULTRASOUND CONTRAST MEDIA
V09C|RENAL SYSTEM
V09D|HEPATIC AND RETICULO ENDOTHELIAL SYSTEM
V09E|RESPIRATORY SYSTEM
V09F|THYROID
V09H|INFLAMMATION AND INFECTION DETECTION
V09I|TUMOUR DETECTION
V10A|ANTIINFLAMMATORY AGENTS
V10X|OTHER THERAPEUTIC RADIOPHARMACEUTICALS
A01|STOMATOLOGICAL PREPARATIONS
A02|DRUGS FOR ACID RELATED DISORDERS
A04|ANTIEMETICS AND ANTINAUSEANTS
A06|DRUGS FOR CONSTIPATION
A08|ANTIOBESITY PREPARATIONS, EXCL. DIET PRODUCTS
A09|DIGESTIVES, INCL. ENZYMES
A10|DRUGS USED IN DIABETES
A11|VITAMINS
A13|TONICS
A14|ANABOLIC AGENTS FOR SYSTEMIC USE
A16|OTHER ALIMENTARY TRACT AND METABOLISM PRODUCTS
B01|ANTITHROMBOTIC AGENTS
B02|ANTIHEMORRHAGICS
B03|ANTIANEMIC PREPARATIONS
B05|BLOOD SUBSTITUTES AND PERFUSION SOLUTIONS
B06|OTHER HEMATOLOGICAL AGENTS
C01|CARDIAC THERAPY
C02|ANTIHYPERTENSIVES
C03|DIURETICS
C04|PERIPHERAL VASODILATORS
C07|BETA BLOCKING AGENTS
C08|CALCIUM CHANNEL BLOCKERS
C09|AGENTS ACTING ON THE RENIN-ANGIOTENSIN SYSTEM
C10|LIPID MODIFYING AGENTS
D01|ANTIFUNGALS FOR DERMATOLOGICAL USE
D02|EMOLLIENTS AND PROTECTIVES
D05|ANTIPSORIATICS
D06|ANTIBIOTICS AND CHEMOTHERAPEUTICS FOR DERMATOLOGICAL USE
D07|CORTICOSTEROIDS, DERMATOLOGICAL PREPARATIONS
D08|ANTISEPTICS AND DISINFECTANTS
D09|MEDICATED DRESSINGS
D10|ANTI-ACNE PREPARATIONS
D11|OTHER DERMATOLOGICAL PREPARATIONS
G01|GYNECOLOGICAL ANTIINFECTIVES AND ANTISEPTICS
G02|OTHER GYNECOLOGICALS
G04|UROLOGICALS
H01|PITUITARY AND HYPOTHALAMIC HORMONES AND ANALOGUES
H02|CORTICOSTEROIDS FOR SYSTEMIC USE
H03|THYROID THERAPY
H04|PANCREATIC HORMONES
H05|CALCIUM HOMEOSTASIS
J01|ANTIBACTERIALS FOR SYSTEMIC USE
J02|ANTIMYCOTICS FOR SYSTEMIC USE
J04|ANTIMYCOBACTERIALS
J05|ANTIVIRALS FOR SYSTEMIC USE
J06|IMMUNE SERA AND IMMUNOGLOBULINS
L01|ANTINEOPLASTIC AGENTS
L02|ENDOCRINE THERAPY
L03|IMMUNOSTIMULANTS
L04|IMMUNOSUPPRESSANTS
M01|ANTIINFLAMMATORY AND ANTIRHEUMATIC PRODUCTS
M02|TOPICAL PRODUCTS FOR JOINT AND MUSCULAR PAIN
M03|MUSCLE RELAXANTS
M04|ANTIGOUT PREPARATIONS
M05|DRUGS FOR TREATMENT OF BONE DISEASES
M09|OTHER DRUGS FOR DISORDERS OF THE MUSCULO-SKELETAL SYSTEM
N01|ANESTHETICS
N02|ANALGESICS
N03|ANTIEPILEPTICS
N04|ANTI-PARKINSON DRUGS
N05|PSYCHOLEPTICS
N06|PSYCHOANALEPTICS
N07|OTHER NERVOUS SYSTEM DRUGS
P01|ANTIPROTOZOALS
P03|ECTOPARASITICIDES, INCL. SCABICIDES, INSECTICIDES AND REPELLENTS
R01|NASAL PREPARATIONS
R02|THROAT PREPARATIONS
R03|DRUGS FOR OBSTRUCTIVE AIRWAY DISEASES
R05|COUGH AND COLD PREPARATIONS
R06|ANTIHISTAMINES FOR SYSTEMIC USE
R07|OTHER RESPIRATORY SYSTEM PRODUCTS
S01|OPHTHALMOLOGICALS
S02|OTOLOGICALS
S03|OPHTHALMOLOGICAL AND OTOLOGICAL PREPARATIONS
V01|ALLERGENS
V10|THERAPEUTIC RADIOPHARMACEUTICALS
J|ANTIINFECTIVES FOR SYSTEMIC USE
N|NERVOUS SYSTEM
H|SYSTEMIC HORMONAL PREPARATIONS, EXCL. SEX HORMONES AND INSULINS
A|ALIMENTARY TRACT AND METABOLISM
S|SENSORY ORGANS
D|DERMATOLOGICALS
P|ANTIPARASITIC PRODUCTS, INSECTICIDES AND REPELLENTS
L|ANTINEOPLASTIC AND IMMUNOMODULATING AGENTS
G|GENITO URINARY SYSTEM AND SEX HORMONES
R|RESPIRATORY SYSTEM
C|CARDIOVASCULAR SYSTEM
M|MUSCULO-SKELETAL SYSTEM
B|BLOOD AND BLOOD FORMING ORGANS
V|VARIOUS
